datetime,Predicted
2013-01-01 00:00:00,0.5303964
2013-01-01 03:00:00,0.45236996
2013-01-01 06:00:00,0.39992392
2013-01-01 09:00:00,0.37582755
2013-01-01 12:00:00,0.30382484
2013-01-01 15:00:00,0.3638976
2013-01-01 18:00:00,0.40290543
2013-01-01 21:00:00,0.37212783
2013-01-02 00:00:00,0.22167248
2013-01-02 03:00:00,0.90010047
2013-01-02 06:00:00,1.1159389
2013-01-02 09:00:00,1.4400858
2013-01-02 12:00:00,1.0681192
2013-01-02 15:00:00,1.0032753
2013-01-02 18:00:00,0.979873
2013-01-02 21:00:00,0.6672944
2013-01-03 00:00:00,0.38698688
2013-01-03 03:00:00,0.52723473
2013-01-03 06:00:00,0.37499532
2013-01-03 09:00:00,0.54461026
2013-01-03 12:00:00,0.84460723
2013-01-03 15:00:00,0.7203985
2013-01-03 18:00:00,0.7126533
2013-01-03 21:00:00,0.99682385
2013-01-04 00:00:00,1.2024772
2013-01-04 03:00:00,0.94926363
2013-01-04 06:00:00,1.1875178
2013-01-04 09:00:00,0.86633
2013-01-04 12:00:00,0.9328115
2013-01-04 15:00:00,0.89445883
2013-01-04 18:00:00,1.0899503
2013-01-04 21:00:00,0.92253083
2013-01-05 00:00:00,0.79916906
2013-01-05 03:00:00,0.63188607
2013-01-05 06:00:00,0.76377356
2013-01-05 09:00:00,1.0104948
2013-01-05 12:00:00,0.8400612
2013-01-05 15:00:00,0.7506755
2013-01-05 18:00:00,0.87661445
2013-01-05 21:00:00,1.0185236
2013-01-06 00:00:00,0.9901426
2013-01-06 03:00:00,0.88620317
2013-01-06 06:00:00,1.7161175
2013-01-06 09:00:00,1.2995843
2013-01-06 12:00:00,1.2742941
2013-01-06 15:00:00,2.093021
2013-01-06 18:00:00,1.4315171
2013-01-06 21:00:00,1.3195469
2013-01-07 00:00:00,1.7672212
2013-01-07 03:00:00,1.5046118
2013-01-07 06:00:00,1.0078518
2013-01-07 09:00:00,1.0448611
2013-01-07 12:00:00,0.9891851
2013-01-07 15:00:00,0.95628715
2013-01-07 18:00:00,0.76743686
2013-01-07 21:00:00,0.9620461
2013-01-08 00:00:00,0.9445292
2013-01-08 03:00:00,0.5778643
2013-01-08 06:00:00,0.87179106
2013-01-08 09:00:00,0.7623692
2013-01-08 12:00:00,1.0582248
2013-01-08 15:00:00,1.0148373
2013-01-08 18:00:00,1.5588356
2013-01-08 21:00:00,1.6860068
2013-01-09 00:00:00,1.3542233
2013-01-09 03:00:00,0.8921145
2013-01-09 06:00:00,1.3401254
2013-01-09 09:00:00,1.4451631
2013-01-09 12:00:00,0.89250505
2013-01-09 15:00:00,1.0068431
2013-01-09 18:00:00,1.5209795
2013-01-09 21:00:00,1.0457757
2013-01-10 00:00:00,1.4210192
2013-01-10 03:00:00,0.6344041
2013-01-10 06:00:00,1.1431272
2013-01-10 09:00:00,1.0041893
2013-01-10 12:00:00,1.3340753
2013-01-10 15:00:00,0.6062729
2013-01-10 18:00:00,0.6652453
2013-01-10 21:00:00,0.39957535
2013-01-11 00:00:00,0.71313924
2013-01-11 03:00:00,1.1464928
2013-01-11 06:00:00,1.4223233
2013-01-11 09:00:00,1.6549083
2013-01-11 12:00:00,0.95639026
2013-01-11 15:00:00,0.8678832
2013-01-11 18:00:00,2.0294297
2013-01-11 21:00:00,2.1814506
2013-01-12 00:00:00,1.9014391
2013-01-12 03:00:00,1.1552528
2013-01-12 06:00:00,0.9938543
2013-01-12 09:00:00,1.4310693
2013-01-12 12:00:00,1.2859193
2013-01-12 15:00:00,1.4945095
2013-01-12 18:00:00,1.4385799
2013-01-12 21:00:00,1.9416288
2013-01-13 00:00:00,1.7851539
2013-01-13 03:00:00,1.8788755
2013-01-13 06:00:00,1.7357929
2013-01-13 09:00:00,1.6898054
2013-01-13 12:00:00,2.6547704
2013-01-13 15:00:00,2.4294248
2013-01-13 18:00:00,3.7951803
2013-01-13 21:00:00,2.9101183
2013-01-14 00:00:00,3.0817251
2013-01-14 03:00:00,2.6500797
2013-01-14 06:00:00,2.6353598
2013-01-14 09:00:00,2.79151
2013-01-14 12:00:00,1.9220194
2013-01-14 15:00:00,1.8066607
2013-01-14 18:00:00,1.4729502
2013-01-14 21:00:00,1.361968
2013-01-15 00:00:00,1.5435627
2013-01-15 03:00:00,1.4419221
2013-01-15 06:00:00,1.6509331
2013-01-15 09:00:00,1.7481515
2013-01-15 12:00:00,1.3486112
2013-01-15 15:00:00,1.3996911
2013-01-15 18:00:00,0.97683656
2013-01-15 21:00:00,0.92987514
2013-01-16 00:00:00,0.9240572
2013-01-16 03:00:00,1.3489318
2013-01-16 06:00:00,0.9518218
2013-01-16 09:00:00,1.4311179
2013-01-16 12:00:00,1.0587264
2013-01-16 15:00:00,1.5010215
2013-01-16 18:00:00,1.8824211
2013-01-16 21:00:00,1.7221025
2013-01-17 00:00:00,2.2287796
2013-01-17 03:00:00,2.2700193
2013-01-17 06:00:00,1.8096437
2013-01-17 09:00:00,2.528115
2013-01-17 12:00:00,3.900354
2013-01-17 15:00:00,4.55531
2013-01-17 18:00:00,4.143463
2013-01-17 21:00:00,3.1640317
2013-01-18 00:00:00,3.0310283
2013-01-18 03:00:00,1.6515222
2013-01-18 06:00:00,1.6358988
2013-01-18 09:00:00,2.9937353
2013-01-18 12:00:00,2.9167728
2013-01-18 15:00:00,2.7510722
2013-01-18 18:00:00,2.952581
2013-01-18 21:00:00,2.9106169
2013-01-19 00:00:00,1.4456587
2013-01-19 03:00:00,1.4214158
2013-01-19 06:00:00,1.1776621
2013-01-19 09:00:00,1.0060475
2013-01-19 12:00:00,1.237029
2013-01-19 15:00:00,1.4796664
2013-01-19 18:00:00,2.5042617
2013-01-19 21:00:00,2.806215
2013-01-20 00:00:00,3.0094514
2013-01-20 03:00:00,3.115717
2013-01-20 06:00:00,3.2372806
2013-01-20 09:00:00,2.1071594
2013-01-20 12:00:00,1.4926853
2013-01-20 15:00:00,0.91094166
2013-01-20 18:00:00,0.6543338
2013-01-20 21:00:00,1.083548
2013-01-21 00:00:00,1.6460283
2013-01-21 03:00:00,1.429198
2013-01-21 06:00:00,1.1478435
2013-01-21 09:00:00,0.9869545
2013-01-21 12:00:00,0.72792
2013-01-21 15:00:00,1.0034797
2013-01-21 18:00:00,1.0129092
2013-01-21 21:00:00,0.6164633
2013-01-22 00:00:00,0.52886367
2013-01-22 03:00:00,0.39270082
2013-01-22 06:00:00,0.48554537
2013-01-22 09:00:00,0.5162149
2013-01-22 12:00:00,0.43437985
2013-01-22 15:00:00,0.41463202
2013-01-22 18:00:00,0.35265794
2013-01-22 21:00:00,0.41447672
2013-01-23 00:00:00,0.74830776
2013-01-23 03:00:00,0.5059871
2013-01-23 06:00:00,0.6756347
2013-01-23 09:00:00,0.32747012
2013-01-23 12:00:00,0.26721916
2013-01-23 15:00:00,0.2573921
2013-01-23 18:00:00,0.65036905
2013-01-23 21:00:00,0.8459643
2013-01-24 00:00:00,0.5656012
2013-01-24 03:00:00,0.55027646
2013-01-24 06:00:00,0.26957712
2013-01-24 09:00:00,0.37831745
2013-01-24 12:00:00,0.37271821
2013-01-24 15:00:00,0.48103634
2013-01-24 18:00:00,0.742909
2013-01-24 21:00:00,0.7671562
2013-01-25 00:00:00,1.1858866
2013-01-25 03:00:00,0.8662913
2013-01-25 06:00:00,1.5366749
2013-01-25 09:00:00,1.6605887
2013-01-25 12:00:00,1.2822717
2013-01-25 15:00:00,2.2700808
2013-01-25 18:00:00,2.5808542
2013-01-25 21:00:00,3.5137835
2013-01-26 00:00:00,2.214937
2013-01-26 03:00:00,2.62932
2013-01-26 06:00:00,3.8069909
2013-01-26 09:00:00,3.045836
2013-01-26 12:00:00,4.4450283
2013-01-26 15:00:00,3.8044622
2013-01-26 18:00:00,4.3161764
2013-01-26 21:00:00,2.6689897
2013-01-27 00:00:00,2.3513014
2013-01-27 03:00:00,2.030941
2013-01-27 06:00:00,1.9236615
2013-01-27 09:00:00,1.1395422
2013-01-27 12:00:00,1.1139295
2013-01-27 15:00:00,1.4833746
2013-01-27 18:00:00,1.0971684
2013-01-27 21:00:00,0.7772536
2013-01-28 00:00:00,0.8791311
2013-01-28 03:00:00,1.0582232
2013-01-28 06:00:00,0.5743969
2013-01-28 09:00:00,0.7353486
2013-01-28 12:00:00,0.80925155
2013-01-28 15:00:00,0.97942984
2013-01-28 18:00:00,1.3710061
2013-01-28 21:00:00,1.6486766
2013-01-29 00:00:00,1.0008391
2013-01-29 03:00:00,0.8654782
2013-01-29 06:00:00,0.998115
2013-01-29 09:00:00,0.7031134
2013-01-29 12:00:00,1.0327021
2013-01-29 15:00:00,0.661181
2013-01-29 18:00:00,0.5237647
2013-01-29 21:00:00,0.49841025
2013-01-30 00:00:00,0.5971578
2013-01-30 03:00:00,0.47538936
2013-01-30 06:00:00,0.6057416
2013-01-30 09:00:00,0.4327761
2013-01-30 12:00:00,0.6045533
2013-01-30 15:00:00,0.6526678
2013-01-30 18:00:00,0.5946436
2013-01-30 21:00:00,0.55640525
2013-01-31 00:00:00,0.37564358
2013-01-31 03:00:00,0.421438
2013-01-31 06:00:00,0.5531781
2013-01-31 09:00:00,0.6933171
2013-01-31 12:00:00,0.84970826
2013-01-31 15:00:00,1.160549
2013-01-31 18:00:00,1.3101289
2013-01-31 21:00:00,1.8575782
2013-02-01 00:00:00,1.0764704
2013-02-01 03:00:00,1.1378214
2013-02-01 06:00:00,1.1769497
2013-02-01 09:00:00,1.5462027
2013-02-01 12:00:00,1.2689658
2013-02-01 15:00:00,1.2737817
2013-02-01 18:00:00,2.1486578
2013-02-01 21:00:00,2.3933787
2013-02-02 00:00:00,3.3197906
2013-02-02 03:00:00,3.240117
2013-02-02 06:00:00,2.8649197
2013-02-02 09:00:00,2.505222
2013-02-02 12:00:00,2.3178701
2013-02-02 15:00:00,2.299162
2013-02-02 18:00:00,2.1336026
2013-02-02 21:00:00,1.4980519
2013-02-03 00:00:00,1.4556181
2013-02-03 03:00:00,1.1484976
2013-02-03 06:00:00,1.4713815
2013-02-03 09:00:00,2.042506
2013-02-03 12:00:00,2.1520922
2013-02-03 15:00:00,1.6102779
2013-02-03 18:00:00,1.1575105
2013-02-03 21:00:00,1.9147505
2013-02-04 00:00:00,1.1534549
2013-02-04 03:00:00,1.2581294
2013-02-04 06:00:00,0.8507356
2013-02-04 09:00:00,1.2334834
2013-02-04 12:00:00,1.5032421
2013-02-04 15:00:00,1.9525111
2013-02-04 18:00:00,0.8811966
2013-02-04 21:00:00,0.8160124
2013-02-05 00:00:00,0.9619156
2013-02-05 03:00:00,1.6617104
2013-02-05 06:00:00,1.8005326
2013-02-05 09:00:00,0.86255085
2013-02-05 12:00:00,1.3456515
2013-02-05 15:00:00,0.9228913
2013-02-05 18:00:00,0.6365832
2013-02-05 21:00:00,0.81162864
2013-02-06 00:00:00,0.5669768
2013-02-06 03:00:00,0.67196935
2013-02-06 06:00:00,0.6852009
2013-02-06 09:00:00,0.51020646
2013-02-06 12:00:00,0.7866162
2013-02-06 15:00:00,1.2507015
2013-02-06 18:00:00,1.2520903
2013-02-06 21:00:00,1.3939104
2013-02-07 00:00:00,1.3872659
2013-02-07 03:00:00,2.4313142
2013-02-07 06:00:00,2.770861
2013-02-07 09:00:00,1.9408698
2013-02-07 12:00:00,1.7347531
2013-02-07 15:00:00,1.3360791
2013-02-07 18:00:00,1.7474887
2013-02-07 21:00:00,1.3990009
2013-02-08 00:00:00,2.25907
2013-02-08 03:00:00,2.131786
2013-02-08 06:00:00,1.7664493
2013-02-08 09:00:00,2.6701987
2013-02-08 12:00:00,2.396335
2013-02-08 15:00:00,1.4742695
2013-02-08 18:00:00,1.6335531
2013-02-08 21:00:00,1.7356559
2013-02-09 00:00:00,1.6468301
2013-02-09 03:00:00,1.6745778
2013-02-09 06:00:00,1.2390957
2013-02-09 09:00:00,1.0252295
2013-02-09 12:00:00,0.8193809
2013-02-09 15:00:00,0.8195664
2013-02-09 18:00:00,1.1089501
2013-02-09 21:00:00,1.1787038
2013-02-10 00:00:00,1.82361
2013-02-10 03:00:00,2.072192
2013-02-10 06:00:00,1.3789768
2013-02-10 09:00:00,0.82633966
2013-02-10 12:00:00,0.85777336
2013-02-10 15:00:00,1.2174357
2013-02-10 18:00:00,1.3256302
2013-02-10 21:00:00,1.2461927
2013-02-11 00:00:00,1.3850672
2013-02-11 03:00:00,0.81210494
2013-02-11 06:00:00,0.69671696
2013-02-11 09:00:00,0.65927184
2013-02-11 12:00:00,1.0263746
2013-02-11 15:00:00,1.1780235
2013-02-11 18:00:00,1.6505232
2013-02-11 21:00:00,1.9843615
2013-02-12 00:00:00,0.7734508
2013-02-12 03:00:00,0.8105751
2013-02-12 06:00:00,0.71122754
2013-02-12 09:00:00,0.8072024
2013-02-12 12:00:00,1.0164347
2013-02-12 15:00:00,1.5793395
2013-02-12 18:00:00,1.8699577
2013-02-12 21:00:00,1.8705125
2013-02-13 00:00:00,2.512828
2013-02-13 03:00:00,1.4489549
2013-02-13 06:00:00,1.3447138
2013-02-13 09:00:00,1.169722
2013-02-13 12:00:00,1.0296938
2013-02-13 15:00:00,2.3674586
2013-02-13 18:00:00,2.5606444
2013-02-13 21:00:00,3.231412
2013-02-14 00:00:00,2.0090759
2013-02-14 03:00:00,2.7829616
2013-02-14 06:00:00,1.9379094
2013-02-14 09:00:00,2.4055204
2013-02-14 12:00:00,1.9073529
2013-02-14 15:00:00,1.3762128
2013-02-14 18:00:00,0.9032364
2013-02-14 21:00:00,0.7709183
2013-02-15 00:00:00,0.9911055
2013-02-15 03:00:00,0.9579185
2013-02-15 06:00:00,0.90801466
2013-02-15 09:00:00,0.83057076
2013-02-15 12:00:00,0.96564776
2013-02-15 15:00:00,0.8061278
2013-02-15 18:00:00,0.7812036
2013-02-15 21:00:00,0.55069375
2013-02-16 00:00:00,0.55015653
2013-02-16 03:00:00,0.6177161
2013-02-16 06:00:00,1.0162454
2013-02-16 09:00:00,1.544056
2013-02-16 12:00:00,2.7720928
2013-02-16 15:00:00,3.12532
2013-02-16 18:00:00,2.3110507
2013-02-16 21:00:00,1.446158
2013-02-17 00:00:00,1.5567677
2013-02-17 03:00:00,1.655639
2013-02-17 06:00:00,1.4705034
2013-02-17 09:00:00,2.5891285
2013-02-17 12:00:00,2.8998122
2013-02-17 15:00:00,2.6904228
2013-02-17 18:00:00,1.8241061
2013-02-17 21:00:00,1.0095918
2013-02-18 00:00:00,1.1630306
2013-02-18 03:00:00,1.1899531
2013-02-18 06:00:00,1.2123208
2013-02-18 09:00:00,1.7765706
2013-02-18 12:00:00,1.307444
2013-02-18 15:00:00,1.171121
2013-02-18 18:00:00,2.4010265
2013-02-18 21:00:00,0.9893373
2013-02-19 00:00:00,1.2938924
2013-02-19 03:00:00,1.7294663
2013-02-19 06:00:00,1.7706555
2013-02-19 09:00:00,1.8372623
2013-02-19 12:00:00,2.2444243
2013-02-19 15:00:00,2.124696
2013-02-19 18:00:00,1.4571059
2013-02-19 21:00:00,1.5495088
2013-02-20 00:00:00,1.9335291
2013-02-20 03:00:00,1.870204
2013-02-20 06:00:00,2.3508804
2013-02-20 09:00:00,2.97222
2013-02-20 12:00:00,1.9430373
2013-02-20 15:00:00,1.5860364
2013-02-20 18:00:00,1.4855863
2013-02-20 21:00:00,2.156433
2013-02-21 00:00:00,2.5306203
2013-02-21 03:00:00,2.3007638
2013-02-21 06:00:00,1.5711745
2013-02-21 09:00:00,1.7620313
2013-02-21 12:00:00,2.1678207
2013-02-21 15:00:00,1.6052983
2013-02-21 18:00:00,2.4333518
2013-02-21 21:00:00,2.2940762
2013-02-22 00:00:00,2.194774
2013-02-22 03:00:00,2.0357084
2013-02-22 06:00:00,2.1403878
2013-02-22 09:00:00,2.3370914
2013-02-22 12:00:00,2.3993616
2013-02-22 15:00:00,2.0739214
2013-02-22 18:00:00,2.5671067
2013-02-22 21:00:00,2.8562148
2013-02-23 00:00:00,1.8661287
2013-02-23 03:00:00,0.9108669
2013-02-23 06:00:00,1.6537192
2013-02-23 09:00:00,2.159104
2013-02-23 12:00:00,1.5381535
2013-02-23 15:00:00,1.964081
2013-02-23 18:00:00,1.7305342
2013-02-23 21:00:00,1.6382426
2013-02-24 00:00:00,1.2976313
2013-02-24 03:00:00,1.2511668
2013-02-24 06:00:00,0.90444493
2013-02-24 09:00:00,0.7675997
2013-02-24 12:00:00,1.1383593
2013-02-24 15:00:00,1.2275846
2013-02-24 18:00:00,1.0004686
2013-02-24 21:00:00,0.5278905
2013-02-25 00:00:00,0.5347494
2013-02-25 03:00:00,0.7692031
2013-02-25 06:00:00,1.0837327
2013-02-25 09:00:00,1.1158735
2013-02-25 12:00:00,1.1989969
2013-02-25 15:00:00,2.0196035
2013-02-25 18:00:00,0.7765202
2013-02-25 21:00:00,1.03977
2013-02-26 00:00:00,0.9761655
2013-02-26 03:00:00,1.1842232
2013-02-26 06:00:00,1.4895779
2013-02-26 09:00:00,1.7748828
2013-02-26 12:00:00,1.9092423
2013-02-26 15:00:00,1.7291689
2013-02-26 18:00:00,1.4243
2013-02-26 21:00:00,1.0106394
2013-02-27 00:00:00,1.1941919
2013-02-27 03:00:00,1.0506895
2013-02-27 06:00:00,1.2586519
2013-02-27 09:00:00,0.8546443
2013-02-27 12:00:00,1.0797138
2013-02-27 15:00:00,0.66398615
2013-02-27 18:00:00,0.99114877
2013-02-27 21:00:00,1.3748428
2013-02-28 00:00:00,1.2172214
2013-02-28 03:00:00,1.4116262
2013-02-28 06:00:00,1.7551675
2013-02-28 09:00:00,1.3579189
2013-02-28 12:00:00,1.7767617
2013-02-28 15:00:00,1.7669234
2013-02-28 18:00:00,2.440544
2013-02-28 21:00:00,3.256729
2013-03-01 00:00:00,2.5801249
2013-03-01 03:00:00,2.5415163
2013-03-01 06:00:00,4.625485
2013-03-01 09:00:00,3.9165466
2013-03-01 12:00:00,4.052688
2013-03-01 15:00:00,3.8631449
2013-03-01 18:00:00,3.4161332
2013-03-01 21:00:00,3.7119362
2013-03-02 00:00:00,3.097481
2013-03-02 03:00:00,2.7005138
2013-03-02 06:00:00,3.0360367
2013-03-02 09:00:00,2.3605063
2013-03-02 12:00:00,2.3923612
2013-03-02 15:00:00,2.835103
2013-03-02 18:00:00,2.4280512
2013-03-02 21:00:00,2.5696867
2013-03-03 00:00:00,2.948775
2013-03-03 03:00:00,2.348101
2013-03-03 06:00:00,1.4629536
2013-03-03 09:00:00,1.7066041
2013-03-03 12:00:00,2.0154889
2013-03-03 15:00:00,2.1331995
2013-03-03 18:00:00,2.466255
2013-03-03 21:00:00,2.1212811
2013-03-04 00:00:00,1.908374
2013-03-04 03:00:00,1.3920165
2013-03-04 06:00:00,1.52339
2013-03-04 09:00:00,1.457154
2013-03-04 12:00:00,1.1158935
2013-03-04 15:00:00,0.7321715
2013-03-04 18:00:00,0.821422
2013-03-04 21:00:00,1.2522043
2013-03-05 00:00:00,1.0803987
2013-03-05 03:00:00,0.9727941
2013-03-05 06:00:00,0.6602658
2013-03-05 09:00:00,0.6457372
2013-03-05 12:00:00,0.9589349
2013-03-05 15:00:00,0.830256
2013-03-05 18:00:00,0.94655913
2013-03-05 21:00:00,1.314016
2013-03-06 00:00:00,1.370346
2013-03-06 03:00:00,0.79481
2013-03-06 06:00:00,0.45691973
2013-03-06 09:00:00,0.59668714
2013-03-06 12:00:00,0.5219119
2013-03-06 15:00:00,0.5288342
2013-03-06 18:00:00,0.7699202
2013-03-06 21:00:00,0.9945335
2013-03-07 00:00:00,1.0188687
2013-03-07 03:00:00,1.0125387
2013-03-07 06:00:00,1.421492
2013-03-07 09:00:00,1.4822327
2013-03-07 12:00:00,1.0782897
2013-03-07 15:00:00,0.8558274
2013-03-07 18:00:00,0.76784843
2013-03-07 21:00:00,0.6561146
2013-03-08 00:00:00,0.4766507
2013-03-08 03:00:00,0.45606905
2013-03-08 06:00:00,0.9627401
2013-03-08 09:00:00,0.9469854
2013-03-08 12:00:00,0.9846571
2013-03-08 15:00:00,0.9098566
2013-03-08 18:00:00,1.2423486
2013-03-08 21:00:00,1.731227
2013-03-09 00:00:00,1.449981
2013-03-09 03:00:00,0.99472284
2013-03-09 06:00:00,1.3869823
2013-03-09 09:00:00,1.4546386
2013-03-09 12:00:00,1.7080414
2013-03-09 15:00:00,1.4290919
2013-03-09 18:00:00,1.3046465
2013-03-09 21:00:00,1.162495
2013-03-10 00:00:00,0.66511285
2013-03-10 03:00:00,0.5003851
2013-03-10 06:00:00,0.4597045
2013-03-10 09:00:00,0.45434067
2013-03-10 12:00:00,0.6507071
2013-03-10 15:00:00,0.87126607
2013-03-10 18:00:00,1.40979
2013-03-10 21:00:00,1.1282218
2013-03-11 00:00:00,1.2168992
2013-03-11 03:00:00,1.4045627
2013-03-11 06:00:00,0.93106526
2013-03-11 09:00:00,0.62992245
2013-03-11 12:00:00,0.57976663
2013-03-11 15:00:00,0.43039602
2013-03-11 18:00:00,0.6974804
2013-03-11 21:00:00,0.71956354
2013-03-12 00:00:00,1.0714164
2013-03-12 03:00:00,0.92470527
2013-03-12 06:00:00,1.1664045
2013-03-12 09:00:00,1.1967098
2013-03-12 12:00:00,0.66013306
2013-03-12 15:00:00,0.89540756
2013-03-12 18:00:00,0.9205225
2013-03-12 21:00:00,1.2234433
2013-03-13 00:00:00,0.85802305
2013-03-13 03:00:00,0.70179105
2013-03-13 06:00:00,0.574008
2013-03-13 09:00:00,0.5227924
2013-03-13 12:00:00,0.43947977
2013-03-13 15:00:00,0.48822948
2013-03-13 18:00:00,0.52866
2013-03-13 21:00:00,0.78643316
2013-03-14 00:00:00,0.7609653
2013-03-14 03:00:00,1.0893626
2013-03-14 06:00:00,1.8535621
2013-03-14 09:00:00,1.8901876
2013-03-14 12:00:00,1.9473096
2013-03-14 15:00:00,2.0608516
2013-03-14 18:00:00,1.4962169
2013-03-14 21:00:00,1.8244808
2013-03-15 00:00:00,1.6592301
2013-03-15 03:00:00,3.1212034
2013-03-15 06:00:00,3.5969236
2013-03-15 09:00:00,2.1305587
2013-03-15 12:00:00,1.6601182
2013-03-15 15:00:00,1.5829599
2013-03-15 18:00:00,1.5037028
2013-03-15 21:00:00,2.1056921
2013-03-16 00:00:00,2.927135
2013-03-16 03:00:00,3.0087624
2013-03-16 06:00:00,2.7612884
2013-03-16 09:00:00,1.9992015
2013-03-16 12:00:00,1.9940397
2013-03-16 15:00:00,1.6074492
2013-03-16 18:00:00,1.626939
2013-03-16 21:00:00,1.1735649
2013-03-17 00:00:00,1.2086176
2013-03-17 03:00:00,3.5654805
2013-03-17 06:00:00,6.7589154
2013-03-17 09:00:00,5.571974
2013-03-17 12:00:00,4.72026
2013-03-17 15:00:00,5.4670253
2013-03-17 18:00:00,4.9661775
2013-03-17 21:00:00,3.167595
2013-03-18 00:00:00,2.6864994
2013-03-18 03:00:00,2.3534062
2013-03-18 06:00:00,2.0044515
2013-03-18 09:00:00,2.5097318
2013-03-18 12:00:00,1.7211175
2013-03-18 15:00:00,2.321135
2013-03-18 18:00:00,2.2224824
2013-03-18 21:00:00,1.9875553
2013-03-19 00:00:00,1.7177843
2013-03-19 03:00:00,1.3803357
2013-03-19 06:00:00,1.5166924
2013-03-19 09:00:00,1.6287609
2013-03-19 12:00:00,1.7092588
2013-03-19 15:00:00,1.7660218
2013-03-19 18:00:00,2.7253852
2013-03-19 21:00:00,1.8258984
2013-03-20 00:00:00,1.9788548
2013-03-20 03:00:00,2.022493
2013-03-20 06:00:00,2.1829033
2013-03-20 09:00:00,1.890873
2013-03-20 12:00:00,3.1369104
2013-03-20 15:00:00,2.9586358
2013-03-20 18:00:00,3.2780414
2013-03-20 21:00:00,4.3380837
2013-03-21 00:00:00,3.6291947
2013-03-21 03:00:00,2.9880114
2013-03-21 06:00:00,2.2117696
2013-03-21 09:00:00,1.6375251
2013-03-21 12:00:00,1.205693
2013-03-21 15:00:00,1.6390333
2013-03-21 18:00:00,1.7271398
2013-03-21 21:00:00,1.4383934
2013-03-22 00:00:00,1.6656598
2013-03-22 03:00:00,1.4403056
2013-03-22 06:00:00,1.3709711
2013-03-22 09:00:00,1.0780624
2013-03-22 12:00:00,1.1934959
2013-03-22 15:00:00,2.2048092
2013-03-22 18:00:00,0.9965048
2013-03-22 21:00:00,1.1686913
2013-03-23 00:00:00,1.0477554
2013-03-23 03:00:00,1.1035428
2013-03-23 06:00:00,2.1565263
2013-03-23 09:00:00,1.781815
2013-03-23 12:00:00,2.117393
2013-03-23 15:00:00,1.9558091
2013-03-23 18:00:00,2.4236972
2013-03-23 21:00:00,3.2623358
2013-03-24 00:00:00,1.1444712
2013-03-24 03:00:00,1.4499131
2013-03-24 06:00:00,1.0605452
2013-03-24 09:00:00,1.2722418
2013-03-24 12:00:00,1.7294161
2013-03-24 15:00:00,1.3033144
2013-03-24 18:00:00,1.0588806
2013-03-24 21:00:00,0.7761955
2013-03-25 00:00:00,1.1271518
2013-03-25 03:00:00,0.8207177
2013-03-25 06:00:00,0.86161304
2013-03-25 09:00:00,0.7743448
2013-03-25 12:00:00,1.5429283
2013-03-25 15:00:00,1.6407347
2013-03-25 18:00:00,1.8762987
2013-03-25 21:00:00,1.680502
2013-03-26 00:00:00,1.8964621
2013-03-26 03:00:00,1.0644405
2013-03-26 06:00:00,0.86978155
2013-03-26 09:00:00,0.8626208
2013-03-26 12:00:00,0.8238783
2013-03-26 15:00:00,0.5936683
2013-03-26 18:00:00,1.1993679
2013-03-26 21:00:00,0.90201014
2013-03-27 00:00:00,2.2276435
2013-03-27 03:00:00,2.3623416
2013-03-27 06:00:00,2.960409
2013-03-27 09:00:00,2.891927
2013-03-27 12:00:00,3.5791707
2013-03-27 15:00:00,3.754238
2013-03-27 18:00:00,2.4281206
2013-03-27 21:00:00,3.110325
2013-03-28 00:00:00,2.0209477
2013-03-28 03:00:00,1.7531536
2013-03-28 06:00:00,1.965399
2013-03-28 09:00:00,1.709155
2013-03-28 12:00:00,1.477423
2013-03-28 15:00:00,2.0151503
2013-03-28 18:00:00,1.1203188
2013-03-28 21:00:00,2.2176359
2013-03-29 00:00:00,2.3483746
2013-03-29 03:00:00,3.3630967
2013-03-29 06:00:00,3.614479
2013-03-29 09:00:00,3.611878
2013-03-29 12:00:00,3.8734868
2013-03-29 15:00:00,3.1643546
2013-03-29 18:00:00,2.1526523
2013-03-29 21:00:00,3.3245566
2013-03-30 00:00:00,4.036206
2013-03-30 03:00:00,3.3264103
2013-03-30 06:00:00,2.3986638
2013-03-30 09:00:00,1.572178
2013-03-30 12:00:00,1.631385
2013-03-30 15:00:00,1.9397064
2013-03-30 18:00:00,2.3708098
2013-03-30 21:00:00,1.6670622
2013-03-31 00:00:00,1.3496377
2013-03-31 03:00:00,1.5730047
2013-03-31 06:00:00,1.158154
2013-03-31 09:00:00,0.9708161
2013-03-31 12:00:00,1.0813415
2013-03-31 15:00:00,1.4404778
2013-03-31 18:00:00,1.609718
2013-03-31 21:00:00,1.211067
2013-04-01 00:00:00,1.3289824
2013-04-01 03:00:00,1.5282239
2013-04-01 06:00:00,2.1184907
2013-04-01 09:00:00,1.375682
2013-04-01 12:00:00,1.0334798
2013-04-01 15:00:00,0.78725946
2013-04-01 18:00:00,1.0884362
2013-04-01 21:00:00,0.9571212
2013-04-02 00:00:00,0.8738557
2013-04-02 03:00:00,0.6304419
2013-04-02 06:00:00,0.56880003
2013-04-02 09:00:00,0.67016983
2013-04-02 12:00:00,0.78159755
2013-04-02 15:00:00,0.64388424
2013-04-02 18:00:00,0.98912793
2013-04-02 21:00:00,0.8524845
2013-04-03 00:00:00,1.1897038
2013-04-03 03:00:00,0.7256643
2013-04-03 06:00:00,0.8037319
2013-04-03 09:00:00,0.9035893
2013-04-03 12:00:00,0.7213419
2013-04-03 15:00:00,0.7693627
2013-04-03 18:00:00,0.8648023
2013-04-03 21:00:00,0.9663308
2013-04-04 00:00:00,0.98862565
2013-04-04 03:00:00,1.0193611
2013-04-04 06:00:00,1.4186625
2013-04-04 09:00:00,1.686625
2013-04-04 12:00:00,1.5303572
2013-04-04 15:00:00,0.9195109
2013-04-04 18:00:00,0.9569447
2013-04-04 21:00:00,0.6553093
2013-04-05 00:00:00,0.942841
2013-04-05 03:00:00,0.90739536
2013-04-05 06:00:00,1.0285976
2013-04-05 09:00:00,0.87835217
2013-04-05 12:00:00,0.5577145
2013-04-05 15:00:00,0.99992
2013-04-05 18:00:00,1.138426
2013-04-05 21:00:00,1.032522
2013-04-06 00:00:00,1.584151
2013-04-06 03:00:00,1.9525436
2013-04-06 06:00:00,1.3275772
2013-04-06 09:00:00,1.3638467
2013-04-06 12:00:00,0.936779
2013-04-06 15:00:00,1.1711997
2013-04-06 18:00:00,1.0484424
2013-04-06 21:00:00,1.2708793
2013-04-07 00:00:00,1.3955725
2013-04-07 03:00:00,1.3300345
2013-04-07 06:00:00,1.4067284
2013-04-07 09:00:00,1.6178027
2013-04-07 12:00:00,1.3970065
2013-04-07 15:00:00,1.2764513
2013-04-07 18:00:00,1.0199219
2013-04-07 21:00:00,0.8109901
2013-04-08 00:00:00,0.7094574
2013-04-08 03:00:00,0.96724474
2013-04-08 06:00:00,0.88023096
2013-04-08 09:00:00,0.69882035
2013-04-08 12:00:00,0.6202355
2013-04-08 15:00:00,0.69354564
2013-04-08 18:00:00,0.6603595
2013-04-08 21:00:00,0.88153684
2013-04-09 00:00:00,1.0816079
2013-04-09 03:00:00,0.8770462
2013-04-09 06:00:00,1.1983571
2013-04-09 09:00:00,1.059651
2013-04-09 12:00:00,1.2799053
2013-04-09 15:00:00,1.077856
2013-04-09 18:00:00,1.2906222
2013-04-09 21:00:00,0.96158123
2013-04-10 00:00:00,0.92687106
2013-04-10 03:00:00,0.9833945
2013-04-10 06:00:00,1.6131895
2013-04-10 09:00:00,1.6619513
2013-04-10 12:00:00,1.2837906
2013-04-10 15:00:00,1.0770384
2013-04-10 18:00:00,1.8580862
2013-04-10 21:00:00,1.2177495
2013-04-11 00:00:00,1.2583094
2013-04-11 03:00:00,1.4835442
2013-04-11 06:00:00,1.5903285
2013-04-11 09:00:00,2.2038536
2013-04-11 12:00:00,2.1404502
2013-04-11 15:00:00,1.9058453
2013-04-11 18:00:00,1.6141372
2013-04-11 21:00:00,2.5097303
2013-04-12 00:00:00,1.4346257
2013-04-12 03:00:00,1.7484521
2013-04-12 06:00:00,1.5879914
2013-04-12 09:00:00,1.2965791
2013-04-12 12:00:00,1.6973172
2013-04-12 15:00:00,1.2508943
2013-04-12 18:00:00,1.5532924
2013-04-12 21:00:00,1.5337746
2013-04-13 00:00:00,1.4880097
2013-04-13 03:00:00,1.0609573
2013-04-13 06:00:00,1.3153478
2013-04-13 09:00:00,1.2815447
2013-04-13 12:00:00,0.80440754
2013-04-13 15:00:00,0.9655852
2013-04-13 18:00:00,0.8022467
2013-04-13 21:00:00,2.3566432
2013-04-14 00:00:00,2.7966342
2013-04-14 03:00:00,3.3367648
2013-04-14 06:00:00,3.605745
2013-04-14 09:00:00,3.1325343
2013-04-14 12:00:00,2.8356988
2013-04-14 15:00:00,2.98518
2013-04-14 18:00:00,2.1141424
2013-04-14 21:00:00,1.9265654
2013-04-15 00:00:00,1.9042661
2013-04-15 03:00:00,1.3653121
2013-04-15 06:00:00,1.3253691
2013-04-15 09:00:00,1.1413808
2013-04-15 12:00:00,1.2260059
2013-04-15 15:00:00,1.0177531
2013-04-15 18:00:00,1.5570298
2013-04-15 21:00:00,1.7885646
2013-04-16 00:00:00,0.80525404
2013-04-16 03:00:00,0.60810286
2013-04-16 06:00:00,0.57658225
2013-04-16 09:00:00,0.7008821
2013-04-16 12:00:00,1.2839901
2013-04-16 15:00:00,2.1224124
2013-04-16 18:00:00,1.7393725
2013-04-16 21:00:00,1.1515865
2013-04-17 00:00:00,0.89053935
2013-04-17 03:00:00,1.1287944
2013-04-17 06:00:00,0.8238915
2013-04-17 09:00:00,0.77246296
2013-04-17 12:00:00,0.682598
2013-04-17 15:00:00,0.43423602
2013-04-17 18:00:00,0.33827138
2013-04-17 21:00:00,0.72433275
2013-04-18 00:00:00,0.47752473
2013-04-18 03:00:00,0.39861178
2013-04-18 06:00:00,0.41966203
2013-04-18 09:00:00,0.52257526
2013-04-18 12:00:00,0.5039388
2013-04-18 15:00:00,0.66940445
2013-04-18 18:00:00,0.6354816
2013-04-18 21:00:00,0.34050623
2013-04-19 00:00:00,0.3690699
2013-04-19 03:00:00,0.42686135
2013-04-19 06:00:00,0.34727713
2013-04-19 09:00:00,0.4985498
2013-04-19 12:00:00,0.5351904
2013-04-19 15:00:00,0.6006472
2013-04-19 18:00:00,0.8687832
2013-04-19 21:00:00,0.7972253
2013-04-20 00:00:00,0.62525964
2013-04-20 03:00:00,0.76847446
2013-04-20 06:00:00,1.0743611
2013-04-20 09:00:00,1.345006
2013-04-20 12:00:00,1.0124307
2013-04-20 15:00:00,0.8056125
2013-04-20 18:00:00,0.9418787
2013-04-20 21:00:00,0.4247574
2013-04-21 00:00:00,0.5608797
2013-04-21 03:00:00,0.75745064
2013-04-21 06:00:00,0.5149743
2013-04-21 09:00:00,0.6418359
2013-04-21 12:00:00,0.4448768
2013-04-21 15:00:00,0.9008385
2013-04-21 18:00:00,0.5845605
2013-04-21 21:00:00,1.0268353
2013-04-22 00:00:00,1.2338512
2013-04-22 03:00:00,0.6863929
2013-04-22 06:00:00,0.6023195
2013-04-22 09:00:00,0.62594116
2013-04-22 12:00:00,0.5136199
2013-04-22 15:00:00,0.575511
2013-04-22 18:00:00,0.74434
2013-04-22 21:00:00,0.40002996
2013-04-23 00:00:00,0.27302086
2013-04-23 03:00:00,1.2212751
2013-04-23 06:00:00,1.0997471
2013-04-23 09:00:00,1.536776
2013-04-23 12:00:00,1.3491691
2013-04-23 15:00:00,1.75487
2013-04-23 18:00:00,2.6008692
2013-04-23 21:00:00,3.6004956
2013-04-24 00:00:00,3.6073785
2013-04-24 03:00:00,2.1951587
2013-04-24 06:00:00,2.2573211
2013-04-24 09:00:00,4.677545
2013-04-24 12:00:00,3.5433552
2013-04-24 15:00:00,3.0652845
2013-04-24 18:00:00,3.4001472
2013-04-24 21:00:00,2.739489
2013-04-25 00:00:00,1.959257
2013-04-25 03:00:00,2.2347083
2013-04-25 06:00:00,2.1771138
2013-04-25 09:00:00,2.4091
2013-04-25 12:00:00,2.2516527
2013-04-25 15:00:00,2.6476128
2013-04-25 18:00:00,2.3113775
2013-04-25 21:00:00,2.0847683
2013-04-26 00:00:00,3.769092
2013-04-26 03:00:00,3.3996332
2013-04-26 06:00:00,3.2863805
2013-04-26 09:00:00,3.0022266
2013-04-26 12:00:00,2.9013705
2013-04-26 15:00:00,2.3794758
2013-04-26 18:00:00,2.5903502
2013-04-26 21:00:00,2.4220471
2013-04-27 00:00:00,1.5729135
2013-04-27 03:00:00,1.5351692
2013-04-27 06:00:00,1.388511
2013-04-27 09:00:00,1.1557091
2013-04-27 12:00:00,1.5572048
2013-04-27 15:00:00,1.3575625
2013-04-27 18:00:00,1.3926162
2013-04-27 21:00:00,1.1668184
2013-04-28 00:00:00,0.5718939
2013-04-28 03:00:00,0.81128424
2013-04-28 06:00:00,1.3656127
2013-04-28 09:00:00,2.1436627
2013-04-28 12:00:00,2.11224
2013-04-28 15:00:00,1.1347955
2013-04-28 18:00:00,1.4897151
2013-04-28 21:00:00,1.8219196
2013-04-29 00:00:00,1.0313635
2013-04-29 03:00:00,0.69295913
2013-04-29 06:00:00,1.0278397
2013-04-29 09:00:00,1.0060039
2013-04-29 12:00:00,0.73814553
2013-04-29 15:00:00,0.655035
2013-04-29 18:00:00,0.88152313
2013-04-29 21:00:00,1.544355
2013-04-30 00:00:00,1.4598312
2013-04-30 03:00:00,1.2658606
2013-04-30 06:00:00,1.564989
2013-04-30 09:00:00,1.862715
2013-04-30 12:00:00,2.0322673
2013-04-30 15:00:00,1.7303396
2013-04-30 18:00:00,2.2646227
2013-04-30 21:00:00,2.8376453
2013-05-01 00:00:00,3.2035377
2013-05-01 03:00:00,3.3448536
2013-05-01 06:00:00,3.7861383
2013-05-01 09:00:00,3.9672408
2013-05-01 12:00:00,3.7785888
2013-05-01 15:00:00,3.4361222
2013-05-01 18:00:00,3.5686407
2013-05-01 21:00:00,2.6776662
2013-05-02 00:00:00,2.2935288
2013-05-02 03:00:00,2.1902523
2013-05-02 06:00:00,2.3057258
2013-05-02 09:00:00,1.6518098
2013-05-02 12:00:00,1.4442222
2013-05-02 15:00:00,1.857882
2013-05-02 18:00:00,2.0794406
2013-05-02 21:00:00,1.3264996
2013-05-03 00:00:00,1.1483661
2013-05-03 03:00:00,1.413239
2013-05-03 06:00:00,0.84063673
2013-05-03 09:00:00,0.609227
2013-05-03 12:00:00,0.96740204
2013-05-03 15:00:00,1.3687634
2013-05-03 18:00:00,0.7075122
2013-05-03 21:00:00,1.2511925
2013-05-04 00:00:00,1.2572099
2013-05-04 03:00:00,0.9847098
2013-05-04 06:00:00,1.1114138
2013-05-04 09:00:00,1.0961523
2013-05-04 12:00:00,1.1744808
2013-05-04 15:00:00,1.9830586
2013-05-04 18:00:00,1.9023352
2013-05-04 21:00:00,1.6942062
2013-05-05 00:00:00,2.0194674
2013-05-05 03:00:00,2.0438037
2013-05-05 06:00:00,1.4795943
2013-05-05 09:00:00,1.9000409
2013-05-05 12:00:00,1.7355689
2013-05-05 15:00:00,1.7927259
2013-05-05 18:00:00,1.2826014
2013-05-05 21:00:00,1.4560494
2013-05-06 00:00:00,1.731549
2013-05-06 03:00:00,1.9771312
2013-05-06 06:00:00,3.4034154
2013-05-06 09:00:00,2.7957728
2013-05-06 12:00:00,2.383215
2013-05-06 15:00:00,2.6133823
2013-05-06 18:00:00,2.7966788
2013-05-06 21:00:00,3.055143
2013-05-07 00:00:00,3.0265641
2013-05-07 03:00:00,2.5145247
2013-05-07 06:00:00,3.002074
2013-05-07 09:00:00,2.4516842
2013-05-07 12:00:00,2.5180418
2013-05-07 15:00:00,2.4707925
2013-05-07 18:00:00,1.541833
2013-05-07 21:00:00,1.5538969
2013-05-08 00:00:00,2.1223695
2013-05-08 03:00:00,1.9661078
2013-05-08 06:00:00,1.9212749
2013-05-08 09:00:00,1.7992512
2013-05-08 12:00:00,2.0570495
2013-05-08 15:00:00,1.8669655
2013-05-08 18:00:00,1.7985388
2013-05-08 21:00:00,1.3517575
2013-05-09 00:00:00,1.5805215
2013-05-09 03:00:00,1.7869729
2013-05-09 06:00:00,1.3994893
2013-05-09 09:00:00,1.4710332
2013-05-09 12:00:00,1.3333948
2013-05-09 15:00:00,1.1203972
2013-05-09 18:00:00,0.9964796
2013-05-09 21:00:00,1.0718168
2013-05-10 00:00:00,1.1797647
2013-05-10 03:00:00,1.1219137
2013-05-10 06:00:00,1.1440444
2013-05-10 09:00:00,1.2958844
2013-05-10 12:00:00,0.85537773
2013-05-10 15:00:00,0.637075
2013-05-10 18:00:00,0.7945191
2013-05-10 21:00:00,0.8462772
2013-05-11 00:00:00,0.8801744
2013-05-11 03:00:00,0.9206384
2013-05-11 06:00:00,0.8089063
2013-05-11 09:00:00,0.96955985
2013-05-11 12:00:00,0.9157077
2013-05-11 15:00:00,0.9970269
2013-05-11 18:00:00,0.7483255
2013-05-11 21:00:00,0.9014147
2013-05-12 00:00:00,1.402781
2013-05-12 03:00:00,0.7159365
2013-05-12 06:00:00,0.7936225
2013-05-12 09:00:00,0.6891468
2013-05-12 12:00:00,0.5285645
2013-05-12 15:00:00,0.7315709
2013-05-12 18:00:00,0.79322785
2013-05-12 21:00:00,0.885362
2013-05-13 00:00:00,0.737637
2013-05-13 03:00:00,1.7894415
2013-05-13 06:00:00,1.7351474
2013-05-13 09:00:00,1.0907507
2013-05-13 12:00:00,1.5224267
2013-05-13 15:00:00,1.8174372
2013-05-13 18:00:00,1.0825907
2013-05-13 21:00:00,0.9910478
2013-05-14 00:00:00,1.128369
2013-05-14 03:00:00,1.631241
2013-05-14 06:00:00,2.7163186
2013-05-14 09:00:00,2.632549
2013-05-14 12:00:00,2.4289608
2013-05-14 15:00:00,1.8362883
2013-05-14 18:00:00,1.863524
2013-05-14 21:00:00,1.097123
2013-05-15 00:00:00,0.9317069
2013-05-15 03:00:00,1.2638265
2013-05-15 06:00:00,2.1970053
2013-05-15 09:00:00,2.5182123
2013-05-15 12:00:00,2.8374312
2013-05-15 15:00:00,1.5901358
2013-05-15 18:00:00,1.5507067
2013-05-15 21:00:00,1.5200858
2013-05-16 00:00:00,3.2519188
2013-05-16 03:00:00,2.2780395
2013-05-16 06:00:00,1.3805106
2013-05-16 09:00:00,1.2324635
2013-05-16 12:00:00,1.3589466
2013-05-16 15:00:00,2.2859082
2013-05-16 18:00:00,2.576203
2013-05-16 21:00:00,2.090772
2013-05-17 00:00:00,1.8516384
2013-05-17 03:00:00,1.4888328
2013-05-17 06:00:00,1.372125
2013-05-17 09:00:00,2.274036
2013-05-17 12:00:00,2.0448468
2013-05-17 15:00:00,2.5305676
2013-05-17 18:00:00,2.262115
2013-05-17 21:00:00,2.6748695
2013-05-18 00:00:00,4.338852
2013-05-18 03:00:00,3.8293705
2013-05-18 06:00:00,2.7208729
2013-05-18 09:00:00,2.2108767
2013-05-18 12:00:00,1.707301
2013-05-18 15:00:00,2.4406772
2013-05-18 18:00:00,2.9788938
2013-05-18 21:00:00,3.1211927
2013-05-19 00:00:00,2.0363958
2013-05-19 03:00:00,2.006342
2013-05-19 06:00:00,2.8397563
2013-05-19 09:00:00,2.6586459
2013-05-19 12:00:00,2.680733
2013-05-19 15:00:00,1.2497058
2013-05-19 18:00:00,1.7315193
2013-05-19 21:00:00,2.2999032
2013-05-20 00:00:00,2.0839634
2013-05-20 03:00:00,1.3744895
2013-05-20 06:00:00,1.193006
2013-05-20 09:00:00,1.1083218
2013-05-20 12:00:00,1.6533116
2013-05-20 15:00:00,1.6259212
2013-05-20 18:00:00,2.2956233
2013-05-20 21:00:00,1.8389019
2013-05-21 00:00:00,1.293239
2013-05-21 03:00:00,1.8406602
2013-05-21 06:00:00,1.5450951
2013-05-21 09:00:00,1.3116573
2013-05-21 12:00:00,0.57915103
2013-05-21 15:00:00,1.8001976
2013-05-21 18:00:00,1.8102441
2013-05-21 21:00:00,2.8894494
2013-05-22 00:00:00,2.0441375
2013-05-22 03:00:00,2.0173702
2013-05-22 06:00:00,2.5150023
2013-05-22 09:00:00,1.9358268
2013-05-22 12:00:00,1.3614866
2013-05-22 15:00:00,2.3192983
2013-05-22 18:00:00,2.3067384
2013-05-22 21:00:00,1.996384
2013-05-23 00:00:00,2.1755905
2013-05-23 03:00:00,1.717235
2013-05-23 06:00:00,2.215684
2013-05-23 09:00:00,2.0611064
2013-05-23 12:00:00,1.8342714
2013-05-23 15:00:00,1.9926149
2013-05-23 18:00:00,2.213659
2013-05-23 21:00:00,2.3321905
2013-05-24 00:00:00,2.507154
2013-05-24 03:00:00,2.6333842
2013-05-24 06:00:00,3.1657355
2013-05-24 09:00:00,3.4712896
2013-05-24 12:00:00,2.6789477
2013-05-24 15:00:00,3.4638257
2013-05-24 18:00:00,4.7272825
2013-05-24 21:00:00,3.9539526
2013-05-25 00:00:00,4.2194247
2013-05-25 03:00:00,3.8573308
2013-05-25 06:00:00,2.4256349
2013-05-25 09:00:00,3.9435887
2013-05-25 12:00:00,3.9737012
2013-05-25 15:00:00,4.543708
2013-05-25 18:00:00,4.64468
2013-05-25 21:00:00,3.6936505
2013-05-26 00:00:00,3.533548
2013-05-26 03:00:00,4.361098
2013-05-26 06:00:00,3.5440278
2013-05-26 09:00:00,2.5928543
2013-05-26 12:00:00,3.3572612
2013-05-26 15:00:00,4.2922745
2013-05-26 18:00:00,3.7333467
2013-05-26 21:00:00,2.3401155
2013-05-27 00:00:00,2.6095006
2013-05-27 03:00:00,2.33262
2013-05-27 06:00:00,2.9173188
2013-05-27 09:00:00,3.9918468
2013-05-27 12:00:00,3.067867
2013-05-27 15:00:00,3.9883468
2013-05-27 18:00:00,3.626912
2013-05-27 21:00:00,2.9752707
2013-05-28 00:00:00,3.5177028
2013-05-28 03:00:00,2.3892868
2013-05-28 06:00:00,2.779188
2013-05-28 09:00:00,2.581879
2013-05-28 12:00:00,2.175611
2013-05-28 15:00:00,2.0127997
2013-05-28 18:00:00,1.8340417
2013-05-28 21:00:00,1.4818726
2013-05-29 00:00:00,1.3995522
2013-05-29 03:00:00,1.1906091
2013-05-29 06:00:00,1.1197926
2013-05-29 09:00:00,1.0655922
2013-05-29 12:00:00,0.94022083
2013-05-29 15:00:00,0.7726796
2013-05-29 18:00:00,0.72105855
2013-05-29 21:00:00,0.68349874
2013-05-30 00:00:00,0.5705648
2013-05-30 03:00:00,0.5003338
2013-05-30 06:00:00,0.41935313
2013-05-30 09:00:00,0.36438864
2013-05-30 12:00:00,0.5707347
2013-05-30 15:00:00,0.66543895
2013-05-30 18:00:00,0.5294618
2013-05-30 21:00:00,0.4318449
2013-05-31 00:00:00,0.508573
2013-05-31 03:00:00,0.53846854
2013-05-31 06:00:00,0.8611845
2013-05-31 09:00:00,0.76412296
2013-05-31 12:00:00,0.52147835
2013-05-31 15:00:00,2.6181746
2013-05-31 18:00:00,2.823897
2013-05-31 21:00:00,2.9904375
2013-06-01 00:00:00,5.449003
2013-06-01 03:00:00,6.1875787
2013-06-01 06:00:00,5.0578456
2013-06-01 09:00:00,4.8171864
2013-06-01 12:00:00,3.8590856
2013-06-01 15:00:00,2.5974572
2013-06-01 18:00:00,3.7959542
2013-06-01 21:00:00,3.1872687
2013-06-02 00:00:00,4.044334
2013-06-02 03:00:00,3.6106215
2013-06-02 06:00:00,3.6258154
2013-06-02 09:00:00,3.3832147
2013-06-02 12:00:00,2.7538867
2013-06-02 15:00:00,2.4970233
2013-06-02 18:00:00,2.630086
2013-06-02 21:00:00,2.664615
2013-06-03 00:00:00,2.328504
2013-06-03 03:00:00,2.2897778
2013-06-03 06:00:00,2.0335908
2013-06-03 09:00:00,2.126975
2013-06-03 12:00:00,1.9149969
2013-06-03 15:00:00,2.2875175
2013-06-03 18:00:00,2.6937318
2013-06-03 21:00:00,2.7948334
2013-06-04 00:00:00,2.5288367
2013-06-04 03:00:00,2.1318984
2013-06-04 06:00:00,1.7722266
2013-06-04 09:00:00,1.6150442
2013-06-04 12:00:00,1.133831
2013-06-04 15:00:00,1.7428957
2013-06-04 18:00:00,1.479049
2013-06-04 21:00:00,2.3285978
2013-06-05 00:00:00,1.6128794
2013-06-05 03:00:00,1.7253084
2013-06-05 06:00:00,1.9752092
2013-06-05 09:00:00,1.4499906
2013-06-05 12:00:00,1.2656682
2013-06-05 15:00:00,1.5171282
2013-06-05 18:00:00,1.7889104
2013-06-05 21:00:00,1.29817
2013-06-06 00:00:00,2.1865053
2013-06-06 03:00:00,3.1012297
2013-06-06 06:00:00,3.2873201
2013-06-06 09:00:00,3.8628974
2013-06-06 12:00:00,3.1047173
2013-06-06 15:00:00,2.8233254
2013-06-06 18:00:00,4.470287
2013-06-06 21:00:00,4.4630795
2013-06-07 00:00:00,4.7711973
2013-06-07 03:00:00,4.5485773
2013-06-07 06:00:00,3.6073241
2013-06-07 09:00:00,3.1586623
2013-06-07 12:00:00,2.8346295
2013-06-07 15:00:00,1.570231
2013-06-07 18:00:00,1.8700017
2013-06-07 21:00:00,1.9698159
2013-06-08 00:00:00,2.5808554
2013-06-08 03:00:00,1.6508051
2013-06-08 06:00:00,2.7837164
2013-06-08 09:00:00,1.2717669
2013-06-08 12:00:00,0.81284815
2013-06-08 15:00:00,0.9120374
2013-06-08 18:00:00,0.89298195
2013-06-08 21:00:00,0.91934556
2013-06-09 00:00:00,0.89005715
2013-06-09 03:00:00,1.7171065
2013-06-09 06:00:00,1.8762397
2013-06-09 09:00:00,2.25651
2013-06-09 12:00:00,2.1744633
2013-06-09 15:00:00,2.1373062
2013-06-09 18:00:00,1.4281119
2013-06-09 21:00:00,1.4708401
2013-06-10 00:00:00,2.218505
2013-06-10 03:00:00,2.741873
2013-06-10 06:00:00,2.1192262
2013-06-10 09:00:00,2.4259136
2013-06-10 12:00:00,1.9167849
2013-06-10 15:00:00,1.4223144
2013-06-10 18:00:00,1.1885478
2013-06-10 21:00:00,1.132589
2013-06-11 00:00:00,1.0789512
2013-06-11 03:00:00,1.1127937
2013-06-11 06:00:00,1.7756356
2013-06-11 09:00:00,2.2732878
2013-06-11 12:00:00,2.6563501
2013-06-11 15:00:00,1.9847519
2013-06-11 18:00:00,1.782748
2013-06-11 21:00:00,2.2153053
2013-06-12 00:00:00,1.4869294
2013-06-12 03:00:00,1.9008152
2013-06-12 06:00:00,1.4558653
2013-06-12 09:00:00,1.2579471
2013-06-12 12:00:00,1.3039346
2013-06-12 15:00:00,0.7027455
2013-06-12 18:00:00,0.75754035
2013-06-12 21:00:00,0.9995976
2013-06-13 00:00:00,0.88117653
2013-06-13 03:00:00,0.63867885
2013-06-13 06:00:00,0.7995086
2013-06-13 09:00:00,0.87237453
2013-06-13 12:00:00,0.7676792
2013-06-13 15:00:00,0.5739406
2013-06-13 18:00:00,0.7416217
2013-06-13 21:00:00,0.9097936
2013-06-14 00:00:00,0.984599
2013-06-14 03:00:00,1.0460219
2013-06-14 06:00:00,0.72180593
2013-06-14 09:00:00,0.6235497
2013-06-14 12:00:00,0.5863914
2013-06-14 15:00:00,1.0361873
2013-06-14 18:00:00,1.2867906
2013-06-14 21:00:00,1.3862634
2013-06-15 00:00:00,1.4102695
2013-06-15 03:00:00,1.4923614
2013-06-15 06:00:00,1.82342
2013-06-15 09:00:00,0.9696141
2013-06-15 12:00:00,0.8298222
2013-06-15 15:00:00,0.63576776
2013-06-15 18:00:00,1.1776772
2013-06-15 21:00:00,0.83096194
2013-06-16 00:00:00,0.53977174
2013-06-16 03:00:00,0.7047543
2013-06-16 06:00:00,0.7301988
2013-06-16 09:00:00,0.77269983
2013-06-16 12:00:00,0.75316095
2013-06-16 15:00:00,1.070875
2013-06-16 18:00:00,1.2906572
2013-06-16 21:00:00,1.7329695
2013-06-17 00:00:00,1.4428159
2013-06-17 03:00:00,1.6015521
2013-06-17 06:00:00,1.109601
2013-06-17 09:00:00,1.1735597
2013-06-17 12:00:00,0.835577
2013-06-17 15:00:00,0.98270243
2013-06-17 18:00:00,0.9387022
2013-06-17 21:00:00,1.7637953
2013-06-18 00:00:00,1.6649181
2013-06-18 03:00:00,1.5182039
2013-06-18 06:00:00,0.9181839
2013-06-18 09:00:00,1.5874988
2013-06-18 12:00:00,2.053074
2013-06-18 15:00:00,1.4774209
2013-06-18 18:00:00,1.0300541
2013-06-18 21:00:00,1.4032848
2013-06-19 00:00:00,1.1448944
2013-06-19 03:00:00,0.46554187
2013-06-19 06:00:00,0.6166686
2013-06-19 09:00:00,1.0326111
2013-06-19 12:00:00,1.2715095
2013-06-19 15:00:00,1.15943
2013-06-19 18:00:00,1.3006278
2013-06-19 21:00:00,2.8520792
2013-06-20 00:00:00,1.9494542
2013-06-20 03:00:00,2.1013558
2013-06-20 06:00:00,2.417843
2013-06-20 09:00:00,2.130568
2013-06-20 12:00:00,2.2909317
2013-06-20 15:00:00,2.874082
2013-06-20 18:00:00,3.8122425
2013-06-20 21:00:00,3.7596154
2013-06-21 00:00:00,3.513957
2013-06-21 03:00:00,2.4366627
2013-06-21 06:00:00,2.7894232
2013-06-21 09:00:00,1.9954532
2013-06-21 12:00:00,2.8251908
2013-06-21 15:00:00,2.8776195
2013-06-21 18:00:00,3.6569984
2013-06-21 21:00:00,4.1436434
2013-06-22 00:00:00,3.6087568
2013-06-22 03:00:00,3.4719002
2013-06-22 06:00:00,3.9815314
2013-06-22 09:00:00,2.6649916
2013-06-22 12:00:00,2.402936
2013-06-22 15:00:00,2.9842646
2013-06-22 18:00:00,3.0018702
2013-06-22 21:00:00,3.0464976
2013-06-23 00:00:00,3.3082147
2013-06-23 03:00:00,4.342363
2013-06-23 06:00:00,3.6921804
2013-06-23 09:00:00,3.0150652
2013-06-23 12:00:00,2.8019342
2013-06-23 15:00:00,3.4348905
2013-06-23 18:00:00,2.9156058
2013-06-23 21:00:00,3.8609147
2013-06-24 00:00:00,2.3630154
2013-06-24 03:00:00,2.5588086
2013-06-24 06:00:00,2.8159497
2013-06-24 09:00:00,3.1964076
2013-06-24 12:00:00,3.2608056
2013-06-24 15:00:00,3.418801
2013-06-24 18:00:00,3.1815803
2013-06-24 21:00:00,2.9684224
2013-06-25 00:00:00,2.3899817
2013-06-25 03:00:00,1.8188404
2013-06-25 06:00:00,1.4614716
2013-06-25 09:00:00,1.1001576
2013-06-25 12:00:00,1.2244512
2013-06-25 15:00:00,1.2999038
2013-06-25 18:00:00,1.1586759
2013-06-25 21:00:00,1.2264
2013-06-26 00:00:00,1.0886027
2013-06-26 03:00:00,0.770755
2013-06-26 06:00:00,0.8002223
2013-06-26 09:00:00,0.5881369
2013-06-26 12:00:00,0.67654675
2013-06-26 15:00:00,0.57852733
2013-06-26 18:00:00,1.2320826
2013-06-26 21:00:00,1.1091006
2013-06-27 00:00:00,0.6207014
2013-06-27 03:00:00,0.33186206
2013-06-27 06:00:00,0.54100126
2013-06-27 09:00:00,0.5503987
2013-06-27 12:00:00,1.6715325
2013-06-27 15:00:00,2.3576593
2013-06-27 18:00:00,2.8750052
2013-06-27 21:00:00,3.072123
2013-06-28 00:00:00,3.2391834
2013-06-28 03:00:00,1.9689523
2013-06-28 06:00:00,1.9353639
2013-06-28 09:00:00,3.0621698
2013-06-28 12:00:00,3.4171443
2013-06-28 15:00:00,4.0744214
2013-06-28 18:00:00,4.497334
2013-06-28 21:00:00,4.4741664
2013-06-29 00:00:00,4.239361
2013-06-29 03:00:00,4.1688704
2013-06-29 06:00:00,4.3409944
2013-06-29 09:00:00,4.504565
2013-06-29 12:00:00,3.3555741
2013-06-29 15:00:00,3.06246
2013-06-29 18:00:00,2.934832
2013-06-29 21:00:00,3.741186
2013-06-30 00:00:00,2.587965
2013-06-30 03:00:00,1.8181158
2013-06-30 06:00:00,1.9182693
2013-06-30 09:00:00,2.1717763
2013-06-30 12:00:00,2.6765156
2013-06-30 15:00:00,2.8385935
2013-06-30 18:00:00,3.0785043
2013-06-30 21:00:00,2.7554135
2013-07-01 00:00:00,2.3947065
2013-07-01 03:00:00,2.1535408
2013-07-01 06:00:00,2.2909532
2013-07-01 09:00:00,1.8147963
2013-07-01 12:00:00,1.1730548
2013-07-01 15:00:00,1.1099834
2013-07-01 18:00:00,1.1359451
2013-07-01 21:00:00,0.758596
2013-07-02 00:00:00,0.7721801
2013-07-02 03:00:00,1.0845435
2013-07-02 06:00:00,1.149523
2013-07-02 09:00:00,0.8555913
2013-07-02 12:00:00,0.8751456
2013-07-02 15:00:00,0.92021614
2013-07-02 18:00:00,0.734784
2013-07-02 21:00:00,0.8577799
2013-07-03 00:00:00,0.4984575
2013-07-03 03:00:00,0.6869233
2013-07-03 06:00:00,0.6573302
2013-07-03 09:00:00,0.97097963
2013-07-03 12:00:00,1.1778828
2013-07-03 15:00:00,1.1984948
2013-07-03 18:00:00,0.97501445
2013-07-03 21:00:00,1.4766151
2013-07-04 00:00:00,0.7406752
2013-07-04 03:00:00,0.9213742
2013-07-04 06:00:00,0.8015045
2013-07-04 09:00:00,0.97322917
2013-07-04 12:00:00,1.6046883
2013-07-04 15:00:00,1.5858195
2013-07-04 18:00:00,1.0723768
2013-07-04 21:00:00,1.9170073
2013-07-05 00:00:00,1.6655842
2013-07-05 03:00:00,2.552793
2013-07-05 06:00:00,1.7839258
2013-07-05 09:00:00,1.7609677
2013-07-05 12:00:00,1.9485104
2013-07-05 15:00:00,1.9713033
2013-07-05 18:00:00,2.4011278
2013-07-05 21:00:00,3.2503984
2013-07-06 00:00:00,4.278065
2013-07-06 03:00:00,4.4074955
2013-07-06 06:00:00,4.324087
2013-07-06 09:00:00,3.8353777
2013-07-06 12:00:00,3.23349
2013-07-06 15:00:00,2.7756832
2013-07-06 18:00:00,2.8465075
2013-07-06 21:00:00,2.7291532
2013-07-07 00:00:00,2.064753
2013-07-07 03:00:00,1.4696205
2013-07-07 06:00:00,1.160577
2013-07-07 09:00:00,1.2707045
2013-07-07 12:00:00,1.1999475
2013-07-07 15:00:00,0.78826326
2013-07-07 18:00:00,0.73233473
2013-07-07 21:00:00,0.80809283
2013-07-08 00:00:00,1.1090331
2013-07-08 03:00:00,1.4237778
2013-07-08 06:00:00,1.2420048
2013-07-08 09:00:00,1.1514902
2013-07-08 12:00:00,1.325028
2013-07-08 15:00:00,1.2925739
2013-07-08 18:00:00,1.0279032
2013-07-08 21:00:00,1.0159557
2013-07-09 00:00:00,0.8929076
2013-07-09 03:00:00,1.04698
2013-07-09 06:00:00,1.2917598
2013-07-09 09:00:00,1.4407104
2013-07-09 12:00:00,2.276203
2013-07-09 15:00:00,1.47462
2013-07-09 18:00:00,2.433869
2013-07-09 21:00:00,3.6295316
2013-07-10 00:00:00,3.8598459
2013-07-10 03:00:00,4.0411863
2013-07-10 06:00:00,4.13942
2013-07-10 09:00:00,4.0695324
2013-07-10 12:00:00,3.927888
2013-07-10 15:00:00,4.07604
2013-07-10 18:00:00,3.96943
2013-07-10 21:00:00,3.6263466
2013-07-11 00:00:00,3.0669248
2013-07-11 03:00:00,3.486774
2013-07-11 06:00:00,3.4059641
2013-07-11 09:00:00,3.3843625
2013-07-11 12:00:00,3.3546324
2013-07-11 15:00:00,2.611841
2013-07-11 18:00:00,2.4326067
2013-07-11 21:00:00,2.319529
2013-07-12 00:00:00,2.2899065
2013-07-12 03:00:00,1.9344168
2013-07-12 06:00:00,2.0644147
2013-07-12 09:00:00,1.2314262
2013-07-12 12:00:00,1.4795723
2013-07-12 15:00:00,1.9405749
2013-07-12 18:00:00,2.8990474
2013-07-12 21:00:00,2.80856
2013-07-13 00:00:00,3.1096723
2013-07-13 03:00:00,2.978728
2013-07-13 06:00:00,2.3167927
2013-07-13 09:00:00,2.1092157
2013-07-13 12:00:00,2.1287262
2013-07-13 15:00:00,2.3938842
2013-07-13 18:00:00,3.0127022
2013-07-13 21:00:00,3.3939266
2013-07-14 00:00:00,3.5466158
2013-07-14 03:00:00,3.5462317
2013-07-14 06:00:00,3.7478013
2013-07-14 09:00:00,4.015924
2013-07-14 12:00:00,3.9283278
2013-07-14 15:00:00,3.947979
2013-07-14 18:00:00,4.233298
2013-07-14 21:00:00,4.0743427
2013-07-15 00:00:00,2.9247875
2013-07-15 03:00:00,3.2196066
2013-07-15 06:00:00,2.9828691
2013-07-15 09:00:00,2.7122734
2013-07-15 12:00:00,2.7374687
2013-07-15 15:00:00,2.2769623
2013-07-15 18:00:00,1.6877451
2013-07-15 21:00:00,1.1232308
2013-07-16 00:00:00,0.9390531
2013-07-16 03:00:00,1.0895276
2013-07-16 06:00:00,1.074946
2013-07-16 09:00:00,1.6253561
2013-07-16 12:00:00,1.44827
2013-07-16 15:00:00,1.3389018
2013-07-16 18:00:00,0.729653
2013-07-16 21:00:00,0.8145576
2013-07-17 00:00:00,0.7767278
2013-07-17 03:00:00,0.9598835
2013-07-17 06:00:00,0.8869753
2013-07-17 09:00:00,0.5686069
2013-07-17 12:00:00,0.64849603
2013-07-17 15:00:00,1.2585555
2013-07-17 18:00:00,1.7645849
2013-07-17 21:00:00,1.4956144
2013-07-18 00:00:00,1.0617689
2013-07-18 03:00:00,1.8823848
2013-07-18 06:00:00,1.8085666
2013-07-18 09:00:00,2.1380646
2013-07-18 12:00:00,3.7145004
2013-07-18 15:00:00,3.6921232
2013-07-18 18:00:00,3.4522524
2013-07-18 21:00:00,2.597996
2013-07-19 00:00:00,4.0380898
2013-07-19 03:00:00,2.7168376
2013-07-19 06:00:00,3.665783
2013-07-19 09:00:00,3.5431137
2013-07-19 12:00:00,3.2101245
2013-07-19 15:00:00,2.9181778
2013-07-19 18:00:00,2.6546562
2013-07-19 21:00:00,2.475553
2013-07-20 00:00:00,2.1103046
2013-07-20 03:00:00,1.6665273
2013-07-20 06:00:00,1.2416269
2013-07-20 09:00:00,1.0802023
2013-07-20 12:00:00,0.79171073
2013-07-20 15:00:00,0.7253537
2013-07-20 18:00:00,0.9706432
2013-07-20 21:00:00,1.1018595
2013-07-21 00:00:00,0.69051474
2013-07-21 03:00:00,0.6704872
2013-07-21 06:00:00,1.1702784
2013-07-21 09:00:00,0.6759698
2013-07-21 12:00:00,1.058439
2013-07-21 15:00:00,1.493875
2013-07-21 18:00:00,1.5743716
2013-07-21 21:00:00,1.1855453
2013-07-22 00:00:00,1.0310574
2013-07-22 03:00:00,0.87655497
2013-07-22 06:00:00,0.713511
2013-07-22 09:00:00,0.8989327
2013-07-22 12:00:00,1.3527781
2013-07-22 15:00:00,1.4403011
2013-07-22 18:00:00,1.9100318
2013-07-22 21:00:00,1.4997538
2013-07-23 00:00:00,1.6158518
2013-07-23 03:00:00,1.3674648
2013-07-23 06:00:00,0.9704959
2013-07-23 09:00:00,0.7081377
2013-07-23 12:00:00,0.62122923
2013-07-23 15:00:00,0.9721949
2013-07-23 18:00:00,1.2111007
2013-07-23 21:00:00,1.0694355
2013-07-24 00:00:00,0.8997336
2013-07-24 03:00:00,0.8144018
2013-07-24 06:00:00,0.83086777
2013-07-24 09:00:00,0.9143498
2013-07-24 12:00:00,0.83970094
2013-07-24 15:00:00,1.0145121
2013-07-24 18:00:00,0.7270928
2013-07-24 21:00:00,0.87798285
2013-07-25 00:00:00,0.8921875
2013-07-25 03:00:00,1.1546786
2013-07-25 06:00:00,1.10578
2013-07-25 09:00:00,0.83500147
2013-07-25 12:00:00,1.9231445
2013-07-25 15:00:00,2.921797
2013-07-25 18:00:00,3.9616709
2013-07-25 21:00:00,3.7155776
2013-07-26 00:00:00,3.3341963
2013-07-26 03:00:00,3.1592703
2013-07-26 06:00:00,3.1889355
2013-07-26 09:00:00,2.5805264
2013-07-26 12:00:00,3.1651394
2013-07-26 15:00:00,2.8847487
2013-07-26 18:00:00,2.8542848
2013-07-26 21:00:00,2.2067375
2013-07-27 00:00:00,2.2760468
2013-07-27 03:00:00,2.0947003
2013-07-27 06:00:00,1.9843966
2013-07-27 09:00:00,2.339458
2013-07-27 12:00:00,2.13021
2013-07-27 15:00:00,2.6851325
2013-07-27 18:00:00,1.7522494
2013-07-27 21:00:00,2.0548725
2013-07-28 00:00:00,1.98123
2013-07-28 03:00:00,1.9093575
2013-07-28 06:00:00,2.1263695
2013-07-28 09:00:00,2.069454
2013-07-28 12:00:00,2.0186808
2013-07-28 15:00:00,1.5194744
2013-07-28 18:00:00,1.9467599
2013-07-28 21:00:00,1.5907636
2013-07-29 00:00:00,1.6975558
2013-07-29 03:00:00,1.2596636
2013-07-29 06:00:00,1.2551619
2013-07-29 09:00:00,1.2862688
2013-07-29 12:00:00,1.3702658
2013-07-29 15:00:00,0.86813486
2013-07-29 18:00:00,1.0079927
2013-07-29 21:00:00,1.378523
2013-07-30 00:00:00,1.3651276
2013-07-30 03:00:00,1.4508241
2013-07-30 06:00:00,1.2119422
2013-07-30 09:00:00,1.9219141
2013-07-30 12:00:00,1.5699053
2013-07-30 15:00:00,2.0166311
2013-07-30 18:00:00,1.4854608
2013-07-30 21:00:00,1.3883252
2013-07-31 00:00:00,1.3642287
2013-07-31 03:00:00,0.70130086
2013-07-31 06:00:00,0.93973446
2013-07-31 09:00:00,1.6693792
2013-07-31 12:00:00,1.4027601
2013-07-31 15:00:00,2.1446161
2013-07-31 18:00:00,1.2836293
2013-07-31 21:00:00,1.1928171
2013-08-01 00:00:00,1.5195917
2013-08-01 03:00:00,1.3620964
2013-08-01 06:00:00,1.2965591
2013-08-01 09:00:00,1.3664823
2013-08-01 12:00:00,1.2801422
2013-08-01 15:00:00,1.0173925
2013-08-01 18:00:00,0.6997426
2013-08-01 21:00:00,0.5181468
2013-08-02 00:00:00,0.5495386
2013-08-02 03:00:00,0.45827124
2013-08-02 06:00:00,0.67612225
2013-08-02 09:00:00,0.49054968
2013-08-02 12:00:00,0.63733333
2013-08-02 15:00:00,0.6439595
2013-08-02 18:00:00,0.6957894
2013-08-02 21:00:00,0.5735936
2013-08-03 00:00:00,0.45598587
2013-08-03 03:00:00,0.7255815
2013-08-03 06:00:00,0.5946849
2013-08-03 09:00:00,0.52600545
2013-08-03 12:00:00,1.014262
2013-08-03 15:00:00,1.2124727
2013-08-03 18:00:00,1.4581449
2013-08-03 21:00:00,1.358618
2013-08-04 00:00:00,0.5934444
2013-08-04 03:00:00,1.4500248
2013-08-04 06:00:00,2.1677876
2013-08-04 09:00:00,2.15097
2013-08-04 12:00:00,2.9185936
2013-08-04 15:00:00,3.944226
2013-08-04 18:00:00,4.968212
2013-08-04 21:00:00,4.00284
2013-08-05 00:00:00,3.8143077
2013-08-05 03:00:00,3.026029
2013-08-05 06:00:00,3.2907753
2013-08-05 09:00:00,2.8503442
2013-08-05 12:00:00,2.0644374
2013-08-05 15:00:00,2.695775
2013-08-05 18:00:00,3.3678627
2013-08-05 21:00:00,2.823219
2013-08-06 00:00:00,2.142788
2013-08-06 03:00:00,2.0899298
2013-08-06 06:00:00,2.1185923
2013-08-06 09:00:00,2.0668695
2013-08-06 12:00:00,1.2958827
2013-08-06 15:00:00,1.1931193
2013-08-06 18:00:00,2.059492
2013-08-06 21:00:00,1.600912
2013-08-07 00:00:00,1.7262807
2013-08-07 03:00:00,2.186288
2013-08-07 06:00:00,1.2920693
2013-08-07 09:00:00,1.2420368
2013-08-07 12:00:00,1.3507322
2013-08-07 15:00:00,1.197604
2013-08-07 18:00:00,1.3496373
2013-08-07 21:00:00,0.8020689
2013-08-08 00:00:00,0.7286652
2013-08-08 03:00:00,0.9834678
2013-08-08 06:00:00,1.0355765
2013-08-08 09:00:00,1.0582854
2013-08-08 12:00:00,0.9200278
2013-08-08 15:00:00,0.9009227
2013-08-08 18:00:00,0.998134
2013-08-08 21:00:00,0.5710004
2013-08-09 00:00:00,0.59891224
2013-08-09 03:00:00,1.208648
2013-08-09 06:00:00,1.5867969
2013-08-09 09:00:00,2.1301916
2013-08-09 12:00:00,1.5857095
2013-08-09 15:00:00,1.4228555
2013-08-09 18:00:00,2.0134096
2013-08-09 21:00:00,1.7826864
2013-08-10 00:00:00,1.9923348
2013-08-10 03:00:00,2.2755568
2013-08-10 06:00:00,1.8807416
2013-08-10 09:00:00,2.1388285
2013-08-10 12:00:00,1.7791027
2013-08-10 15:00:00,1.3462288
2013-08-10 18:00:00,1.761794
2013-08-10 21:00:00,1.5168446
2013-08-11 00:00:00,1.4644327
2013-08-11 03:00:00,0.8477115
2013-08-11 06:00:00,1.1835313
2013-08-11 09:00:00,1.0650254
2013-08-11 12:00:00,0.82858616
2013-08-11 15:00:00,0.9686557
2013-08-11 18:00:00,0.8870986
2013-08-11 21:00:00,0.62583387
2013-08-12 00:00:00,0.57363605
2013-08-12 03:00:00,0.54578143
2013-08-12 06:00:00,0.6766894
2013-08-12 09:00:00,0.45868742
2013-08-12 12:00:00,0.9179825
2013-08-12 15:00:00,1.2654431
2013-08-12 18:00:00,1.8983402
2013-08-12 21:00:00,1.4533882
2013-08-13 00:00:00,1.3146883
2013-08-13 03:00:00,1.1592805
2013-08-13 06:00:00,1.8463645
2013-08-13 09:00:00,1.5768366
2013-08-13 12:00:00,2.149752
2013-08-13 15:00:00,2.3691423
2013-08-13 18:00:00,2.517802
2013-08-13 21:00:00,2.4263294
2013-08-14 00:00:00,2.4715538
2013-08-14 03:00:00,2.14095
2013-08-14 06:00:00,1.7717098
2013-08-14 09:00:00,1.5406369
2013-08-14 12:00:00,1.6439815
2013-08-14 15:00:00,2.408542
2013-08-14 18:00:00,2.3756416
2013-08-14 21:00:00,2.9323227
2013-08-15 00:00:00,2.4840133
2013-08-15 03:00:00,2.273797
2013-08-15 06:00:00,3.0590506
2013-08-15 09:00:00,2.4392788
2013-08-15 12:00:00,2.4721045
2013-08-15 15:00:00,3.3137958
2013-08-15 18:00:00,2.505056
2013-08-15 21:00:00,3.5877705
2013-08-16 00:00:00,3.9452965
2013-08-16 03:00:00,3.917604
2013-08-16 06:00:00,3.864022
2013-08-16 09:00:00,3.3684552
2013-08-16 12:00:00,3.3041165
2013-08-16 15:00:00,3.472471
2013-08-16 18:00:00,2.9145234
2013-08-16 21:00:00,3.1001332
2013-08-17 00:00:00,2.7864432
2013-08-17 03:00:00,2.4083643
2013-08-17 06:00:00,2.3226993
2013-08-17 09:00:00,2.2683902
2013-08-17 12:00:00,2.2453225
2013-08-17 15:00:00,1.8799436
2013-08-17 18:00:00,2.12525
2013-08-17 21:00:00,2.2128727
2013-08-18 00:00:00,1.6846989
2013-08-18 03:00:00,2.0193353
2013-08-18 06:00:00,1.9984801
2013-08-18 09:00:00,1.6143565
2013-08-18 12:00:00,1.4981735
2013-08-18 15:00:00,2.0156176
2013-08-18 18:00:00,2.0104456
2013-08-18 21:00:00,1.3750309
2013-08-19 00:00:00,1.1938149
2013-08-19 03:00:00,0.8769318
2013-08-19 06:00:00,1.014228
2013-08-19 09:00:00,1.144872
2013-08-19 12:00:00,1.2864361
2013-08-19 15:00:00,1.0529971
2013-08-19 18:00:00,0.9418566
2013-08-19 21:00:00,0.75815135
2013-08-20 00:00:00,0.78686965
2013-08-20 03:00:00,0.7993763
2013-08-20 06:00:00,0.6935131
2013-08-20 09:00:00,0.4318783
2013-08-20 12:00:00,0.63400626
2013-08-20 15:00:00,0.6461303
2013-08-20 18:00:00,1.0353186
2013-08-20 21:00:00,1.7569771
2013-08-21 00:00:00,3.0999498
2013-08-21 03:00:00,3.060061
2013-08-21 06:00:00,2.7062945
2013-08-21 09:00:00,2.9390478
2013-08-21 12:00:00,2.9720485
2013-08-21 15:00:00,2.5527778
2013-08-21 18:00:00,2.7907343
2013-08-21 21:00:00,2.6033764
2013-08-22 00:00:00,2.7289479
2013-08-22 03:00:00,3.0445569
2013-08-22 06:00:00,2.192717
2013-08-22 09:00:00,1.6135759
2013-08-22 12:00:00,1.9865142
2013-08-22 15:00:00,1.5900468
2013-08-22 18:00:00,3.5138807
2013-08-22 21:00:00,3.9702384
2013-08-23 00:00:00,3.0637305
2013-08-23 03:00:00,2.7765858
2013-08-23 06:00:00,3.0456216
2013-08-23 09:00:00,2.6249347
2013-08-23 12:00:00,2.2189019
2013-08-23 15:00:00,2.1344473
2013-08-23 18:00:00,2.2262037
2013-08-23 21:00:00,2.3107445
2013-08-24 00:00:00,1.9152577
2013-08-24 03:00:00,1.6623662
2013-08-24 06:00:00,2.501754
2013-08-24 09:00:00,2.3287115
2013-08-24 12:00:00,2.3854291
2013-08-24 15:00:00,1.7025276
2013-08-24 18:00:00,1.7111338
2013-08-24 21:00:00,1.5022663
2013-08-25 00:00:00,1.0422373
2013-08-25 03:00:00,1.9696637
2013-08-25 06:00:00,1.9538786
2013-08-25 09:00:00,1.8184155
2013-08-25 12:00:00,1.8104248
2013-08-25 15:00:00,1.8407342
2013-08-25 18:00:00,1.8142387
2013-08-25 21:00:00,1.6401228
2013-08-26 00:00:00,1.1713849
2013-08-26 03:00:00,0.79597735
2013-08-26 06:00:00,0.96873504
2013-08-26 09:00:00,1.3597219
2013-08-26 12:00:00,1.300761
2013-08-26 15:00:00,1.3269359
2013-08-26 18:00:00,1.7501947
2013-08-26 21:00:00,1.7333215
2013-08-27 00:00:00,1.507262
2013-08-27 03:00:00,1.238765
2013-08-27 06:00:00,1.4380155
2013-08-27 09:00:00,2.7739487
2013-08-27 12:00:00,2.2545695
2013-08-27 15:00:00,3.8116171
2013-08-27 18:00:00,4.0773683
2013-08-27 21:00:00,3.0912223
2013-08-28 00:00:00,2.7274916
2013-08-28 03:00:00,2.2344544
2013-08-28 06:00:00,1.4816201
2013-08-28 09:00:00,1.4857514
2013-08-28 12:00:00,2.0062912
2013-08-28 15:00:00,1.0195172
2013-08-28 18:00:00,0.9661359
2013-08-28 21:00:00,0.8975385
2013-08-29 00:00:00,0.8164534
2013-08-29 03:00:00,0.5417099
2013-08-29 06:00:00,0.8459873
2013-08-29 09:00:00,0.66080856
2013-08-29 12:00:00,0.7662333
2013-08-29 15:00:00,0.58307153
2013-08-29 18:00:00,0.9539944
2013-08-29 21:00:00,0.70953757
2013-08-30 00:00:00,0.7995045
2013-08-30 03:00:00,1.4252763
2013-08-30 06:00:00,1.7464368
2013-08-30 09:00:00,2.877579
2013-08-30 12:00:00,2.2731917
2013-08-30 15:00:00,2.9762442
2013-08-30 18:00:00,2.6298523
2013-08-30 21:00:00,3.742781
2013-08-31 00:00:00,2.50993
2013-08-31 03:00:00,2.4488335
2013-08-31 06:00:00,3.05628
2013-08-31 09:00:00,2.090291
2013-08-31 12:00:00,2.0202003
2013-08-31 15:00:00,0.99790186
2013-08-31 18:00:00,1.2481185
2013-08-31 21:00:00,2.062693
2013-09-01 00:00:00,2.1455216
2013-09-01 03:00:00,2.2389348
2013-09-01 06:00:00,2.3460407
2013-09-01 09:00:00,2.4694405
2013-09-01 12:00:00,3.2035227
2013-09-01 15:00:00,2.746477
2013-09-01 18:00:00,2.263055
2013-09-01 21:00:00,1.5594361
2013-09-02 00:00:00,2.155955
2013-09-02 03:00:00,3.298908
2013-09-02 06:00:00,2.8225849
2013-09-02 09:00:00,2.463645
2013-09-02 12:00:00,2.4808202
2013-09-02 15:00:00,2.6288812
2013-09-02 18:00:00,1.9685478
2013-09-02 21:00:00,1.7078859
2013-09-03 00:00:00,1.1511248
2013-09-03 03:00:00,1.4865668
2013-09-03 06:00:00,1.5882437
2013-09-03 09:00:00,1.8396386
2013-09-03 12:00:00,1.8675343
2013-09-03 15:00:00,2.1249986
2013-09-03 18:00:00,1.8094426
2013-09-03 21:00:00,2.3060231
2013-09-04 00:00:00,1.3209977
2013-09-04 03:00:00,1.140926
2013-09-04 06:00:00,1.6350313
2013-09-04 09:00:00,2.159401
2013-09-04 12:00:00,1.085385
2013-09-04 15:00:00,1.181158
2013-09-04 18:00:00,1.6515946
2013-09-04 21:00:00,1.2086542
2013-09-05 00:00:00,0.90487134
2013-09-05 03:00:00,1.0232575
2013-09-05 06:00:00,1.2847811
2013-09-05 09:00:00,0.86643213
2013-09-05 12:00:00,0.7514957
2013-09-05 15:00:00,1.1080445
2013-09-05 18:00:00,0.94429266
2013-09-05 21:00:00,0.9592406
2013-09-06 00:00:00,1.3371421
2013-09-06 03:00:00,1.2173666
2013-09-06 06:00:00,1.1276006
2013-09-06 09:00:00,1.0663265
2013-09-06 12:00:00,1.4660761
2013-09-06 15:00:00,1.7353727
2013-09-06 18:00:00,1.8490841
2013-09-06 21:00:00,1.2627745
2013-09-07 00:00:00,1.1829046
2013-09-07 03:00:00,1.7174703
2013-09-07 06:00:00,0.7046359
2013-09-07 09:00:00,0.6770994
2013-09-07 12:00:00,0.6256922
2013-09-07 15:00:00,0.67198414
2013-09-07 18:00:00,0.8648444
2013-09-07 21:00:00,1.032381
2013-09-08 00:00:00,2.028813
2013-09-08 03:00:00,1.3833956
2013-09-08 06:00:00,1.3680416
2013-09-08 09:00:00,1.6484439
2013-09-08 12:00:00,1.3062357
2013-09-08 15:00:00,1.5789015
2013-09-08 18:00:00,0.77404886
2013-09-08 21:00:00,0.6281508
2013-09-09 00:00:00,0.9060804
2013-09-09 03:00:00,0.9083528
2013-09-09 06:00:00,1.4084321
2013-09-09 09:00:00,1.1872408
2013-09-09 12:00:00,0.8326212
2013-09-09 15:00:00,0.845855
2013-09-09 18:00:00,0.85856813
2013-09-09 21:00:00,0.71024233
2013-09-10 00:00:00,0.63615704
2013-09-10 03:00:00,0.6963438
2013-09-10 06:00:00,1.3906909
2013-09-10 09:00:00,1.6370716
2013-09-10 12:00:00,1.394588
2013-09-10 15:00:00,1.85214
2013-09-10 18:00:00,2.7574744
2013-09-10 21:00:00,1.4481273
2013-09-11 00:00:00,1.8518602
2013-09-11 03:00:00,1.1830958
2013-09-11 06:00:00,1.3985218
2013-09-11 09:00:00,1.5178854
2013-09-11 12:00:00,1.8372055
2013-09-11 15:00:00,1.8652556
2013-09-11 18:00:00,1.4971339
2013-09-11 21:00:00,1.8492533
2013-09-12 00:00:00,1.251481
2013-09-12 03:00:00,1.7949327
2013-09-12 06:00:00,1.6588942
2013-09-12 09:00:00,1.2409481
2013-09-12 12:00:00,1.5565057
2013-09-12 15:00:00,1.6464356
2013-09-12 18:00:00,2.5774386
2013-09-12 21:00:00,2.5487444
2013-09-13 00:00:00,2.4878805
2013-09-13 03:00:00,2.6054895
2013-09-13 06:00:00,2.455117
2013-09-13 09:00:00,1.6964127
2013-09-13 12:00:00,2.07421
2013-09-13 15:00:00,3.034851
2013-09-13 18:00:00,2.6033564
2013-09-13 21:00:00,2.1087158
2013-09-14 00:00:00,2.0936182
2013-09-14 03:00:00,1.8085723
2013-09-14 06:00:00,2.3203874
2013-09-14 09:00:00,1.3679743
2013-09-14 12:00:00,1.2952648
2013-09-14 15:00:00,1.2863954
2013-09-14 18:00:00,1.1302884
2013-09-14 21:00:00,1.1710005
2013-09-15 00:00:00,0.8798811
2013-09-15 03:00:00,0.8188108
2013-09-15 06:00:00,0.42402208
2013-09-15 09:00:00,0.54751265
2013-09-15 12:00:00,0.6480648
2013-09-15 15:00:00,0.86228263
2013-09-15 18:00:00,1.0692052
2013-09-15 21:00:00,1.5650051
2013-09-16 00:00:00,1.1167004
2013-09-16 03:00:00,1.1623391
2013-09-16 06:00:00,1.2513008
2013-09-16 09:00:00,1.2564553
2013-09-16 12:00:00,1.1369678
2013-09-16 15:00:00,1.0998771
2013-09-16 18:00:00,0.99514323
2013-09-16 21:00:00,1.2959005
2013-09-17 00:00:00,2.276832
2013-09-17 03:00:00,2.3231378
2013-09-17 06:00:00,2.1266346
2013-09-17 09:00:00,1.4814955
2013-09-17 12:00:00,1.6996558
2013-09-17 15:00:00,1.340402
2013-09-17 18:00:00,2.1422637
2013-09-17 21:00:00,1.9623251
2013-09-18 00:00:00,1.2384852
2013-09-18 03:00:00,0.8160109
2013-09-18 06:00:00,1.2474372
2013-09-18 09:00:00,2.0690358
2013-09-18 12:00:00,2.2610545
2013-09-18 15:00:00,2.8511066
2013-09-18 18:00:00,2.4353843
2013-09-18 21:00:00,3.2193289
2013-09-19 00:00:00,3.1561022
2013-09-19 03:00:00,2.9687521
2013-09-19 06:00:00,3.3128989
2013-09-19 09:00:00,2.797048
2013-09-19 12:00:00,1.5558739
2013-09-19 15:00:00,2.1611834
2013-09-19 18:00:00,1.847711
2013-09-19 21:00:00,1.5721765
2013-09-20 00:00:00,1.5966288
2013-09-20 03:00:00,2.1938117
2013-09-20 06:00:00,1.6776705
2013-09-20 09:00:00,1.6209719
2013-09-20 12:00:00,1.4135557
2013-09-20 15:00:00,0.81076366
2013-09-20 18:00:00,1.5750577
2013-09-20 21:00:00,1.2959932
2013-09-21 00:00:00,1.3490586
2013-09-21 03:00:00,0.9726391
2013-09-21 06:00:00,2.1123066
2013-09-21 09:00:00,1.7892774
2013-09-21 12:00:00,1.651269
2013-09-21 15:00:00,1.7333177
2013-09-21 18:00:00,1.3001665
2013-09-21 21:00:00,1.1862067
2013-09-22 00:00:00,1.775483
2013-09-22 03:00:00,1.2088414
2013-09-22 06:00:00,1.9101592
2013-09-22 09:00:00,1.0873286
2013-09-22 12:00:00,1.1301185
2013-09-22 15:00:00,0.8383391
2013-09-22 18:00:00,0.8183105
2013-09-22 21:00:00,0.9549496
2013-09-23 00:00:00,0.94381416
2013-09-23 03:00:00,1.3022456
2013-09-23 06:00:00,1.3594869
2013-09-23 09:00:00,0.86391586
2013-09-23 12:00:00,1.0560361
2013-09-23 15:00:00,1.532655
2013-09-23 18:00:00,1.391525
2013-09-23 21:00:00,1.4648608
2013-09-24 00:00:00,1.1911259
2013-09-24 03:00:00,0.7782236
2013-09-24 06:00:00,1.8230108
2013-09-24 09:00:00,3.5012686
2013-09-24 12:00:00,3.1336849
2013-09-24 15:00:00,2.2857282
2013-09-24 18:00:00,1.3131083
2013-09-24 21:00:00,1.4827038
2013-09-25 00:00:00,1.257233
2013-09-25 03:00:00,1.7626296
2013-09-25 06:00:00,1.3964356
2013-09-25 09:00:00,0.89098233
2013-09-25 12:00:00,0.51266193
2013-09-25 15:00:00,0.63578737
2013-09-25 18:00:00,0.7730615
2013-09-25 21:00:00,0.67805964
2013-09-26 00:00:00,0.6448846
2013-09-26 03:00:00,0.57679015
2013-09-26 06:00:00,0.5431662
2013-09-26 09:00:00,0.6015958
2013-09-26 12:00:00,0.40817842
2013-09-26 15:00:00,0.5617786
2013-09-26 18:00:00,0.377638
2013-09-26 21:00:00,0.29363015
2013-09-27 00:00:00,0.4089094
2013-09-27 03:00:00,0.43110362
2013-09-27 06:00:00,0.36139008
2013-09-27 09:00:00,0.49143422
2013-09-27 12:00:00,0.78438514
2013-09-27 15:00:00,0.65258056
2013-09-27 18:00:00,0.535631
2013-09-27 21:00:00,0.518422
2013-09-28 00:00:00,0.4348562
2013-09-28 03:00:00,0.21854219
2013-09-28 06:00:00,0.20037837
2013-09-28 09:00:00,0.17925365
2013-09-28 12:00:00,0.29023966
2013-09-28 15:00:00,0.34081078
2013-09-28 18:00:00,0.36403403
2013-09-28 21:00:00,0.33547977
2013-09-29 00:00:00,0.39874238
2013-09-29 03:00:00,0.3985462
2013-09-29 06:00:00,0.36093354
2013-09-29 09:00:00,0.45888615
2013-09-29 12:00:00,0.29440007
2013-09-29 15:00:00,0.3711
2013-09-29 18:00:00,0.74000794
2013-09-29 21:00:00,0.5813014
2013-09-30 00:00:00,0.64930475
2013-09-30 03:00:00,0.85052425
2013-09-30 06:00:00,0.64790994
2013-09-30 09:00:00,0.35409793
2013-09-30 12:00:00,0.4835766
2013-09-30 15:00:00,0.52973914
2013-09-30 18:00:00,0.63994944
2013-09-30 21:00:00,0.50471205
2013-10-01 00:00:00,0.9113542
2013-10-01 03:00:00,0.895761
2013-10-01 06:00:00,1.2740418
2013-10-01 09:00:00,1.444359
2013-10-01 12:00:00,1.8755902
2013-10-01 15:00:00,1.4757364
2013-10-01 18:00:00,1.9342271
2013-10-01 21:00:00,2.033143
2013-10-02 00:00:00,4.960705
2013-10-02 03:00:00,6.9044986
2013-10-02 06:00:00,4.041477
2013-10-02 09:00:00,3.4232903
2013-10-02 12:00:00,2.5223172
2013-10-02 15:00:00,3.2416925
2013-10-02 18:00:00,4.605228
2013-10-02 21:00:00,3.8543825
2013-10-03 00:00:00,1.9157468
2013-10-03 03:00:00,1.5849956
2013-10-03 06:00:00,1.4089564
2013-10-03 09:00:00,1.3835676
2013-10-03 12:00:00,1.274759
2013-10-03 15:00:00,1.558789
2013-10-03 18:00:00,0.9685299
2013-10-03 21:00:00,0.9263001
2013-10-04 00:00:00,0.5671778
2013-10-04 03:00:00,0.36362442
2013-10-04 06:00:00,0.41247636
2013-10-04 09:00:00,0.6620696
2013-10-04 12:00:00,0.3771651
2013-10-04 15:00:00,0.4280377
2013-10-04 18:00:00,0.49140567
2013-10-04 21:00:00,0.36793578
2013-10-05 00:00:00,0.41525635
2013-10-05 03:00:00,0.4848363
2013-10-05 06:00:00,0.4015265
2013-10-05 09:00:00,0.39204586
2013-10-05 12:00:00,0.36627373
2013-10-05 15:00:00,0.45184645
2013-10-05 18:00:00,0.39541596
2013-10-05 21:00:00,0.39537472
2013-10-06 00:00:00,0.37295356
2013-10-06 03:00:00,0.28201446
2013-10-06 06:00:00,0.62880945
2013-10-06 09:00:00,0.66065145
2013-10-06 12:00:00,0.6763839
2013-10-06 15:00:00,0.7078328
2013-10-06 18:00:00,0.8637089
2013-10-06 21:00:00,0.49244696
2013-10-07 00:00:00,1.5252041
2013-10-07 03:00:00,1.5720186
2013-10-07 06:00:00,1.4620237
2013-10-07 09:00:00,1.177201
2013-10-07 12:00:00,1.3620911
2013-10-07 15:00:00,1.2222742
2013-10-07 18:00:00,0.9391282
2013-10-07 21:00:00,0.789125
2013-10-08 00:00:00,0.90565753
2013-10-08 03:00:00,0.8177904
2013-10-08 06:00:00,0.9758637
2013-10-08 09:00:00,1.2475495
2013-10-08 12:00:00,1.1876037
2013-10-08 15:00:00,2.1816587
2013-10-08 18:00:00,3.0588684
2013-10-08 21:00:00,5.1385736
2013-10-09 00:00:00,3.379389
2013-10-09 03:00:00,4.021218
2013-10-09 06:00:00,3.6203527
2013-10-09 09:00:00,4.409453
2013-10-09 12:00:00,2.9400456
2013-10-09 15:00:00,2.9959507
2013-10-09 18:00:00,2.3810623
2013-10-09 21:00:00,2.9118242
2013-10-10 00:00:00,3.1260316
2013-10-10 03:00:00,2.6970277
2013-10-10 06:00:00,1.7983043
2013-10-10 09:00:00,1.5503284
2013-10-10 12:00:00,1.7343613
2013-10-10 15:00:00,1.2002167
2013-10-10 18:00:00,1.2373352
2013-10-10 21:00:00,1.2781577
2013-10-11 00:00:00,1.7493593
2013-10-11 03:00:00,1.7104731
2013-10-11 06:00:00,1.1884458
2013-10-11 09:00:00,1.0518099
2013-10-11 12:00:00,1.0235922
2013-10-11 15:00:00,0.791562
2013-10-11 18:00:00,0.79893565
2013-10-11 21:00:00,0.62847245
2013-10-12 00:00:00,0.8144697
2013-10-12 03:00:00,0.81442875
2013-10-12 06:00:00,0.916668
2013-10-12 09:00:00,1.2312212
2013-10-12 12:00:00,1.1119646
2013-10-12 15:00:00,1.1112674
2013-10-12 18:00:00,1.5339386
2013-10-12 21:00:00,1.6793032
2013-10-13 00:00:00,1.1828679
2013-10-13 03:00:00,0.6313818
2013-10-13 06:00:00,0.46110624
2013-10-13 09:00:00,0.696068
2013-10-13 12:00:00,0.76607
2013-10-13 15:00:00,0.53485376
2013-10-13 18:00:00,0.60679114
2013-10-13 21:00:00,0.7546568
2013-10-14 00:00:00,1.2478209
2013-10-14 03:00:00,1.7967172
2013-10-14 06:00:00,2.734395
2013-10-14 09:00:00,3.3092592
2013-10-14 12:00:00,3.3337219
2013-10-14 15:00:00,3.6842933
2013-10-14 18:00:00,3.6586087
2013-10-14 21:00:00,3.0479417
2013-10-15 00:00:00,3.9026544
2013-10-15 03:00:00,3.1711423
2013-10-15 06:00:00,3.0348902
2013-10-15 09:00:00,2.735075
2013-10-15 12:00:00,1.8044457
2013-10-15 15:00:00,1.5178478
2013-10-15 18:00:00,2.1419435
2013-10-15 21:00:00,2.5445318
2013-10-16 00:00:00,2.7608325
2013-10-16 03:00:00,1.6800947
2013-10-16 06:00:00,1.671029
2013-10-16 09:00:00,1.2585787
2013-10-16 12:00:00,2.0105157
2013-10-16 15:00:00,2.0510516
2013-10-16 18:00:00,1.0504884
2013-10-16 21:00:00,2.0483344
2013-10-17 00:00:00,1.812064
2013-10-17 03:00:00,2.0800676
2013-10-17 06:00:00,2.0349855
2013-10-17 09:00:00,2.2056599
2013-10-17 12:00:00,2.4465284
2013-10-17 15:00:00,2.2211986
2013-10-17 18:00:00,1.1947207
2013-10-17 21:00:00,0.84105366
2013-10-18 00:00:00,0.65543354
2013-10-18 03:00:00,0.68128073
2013-10-18 06:00:00,0.9166253
2013-10-18 09:00:00,0.6688697
2013-10-18 12:00:00,0.8419061
2013-10-18 15:00:00,0.80205727
2013-10-18 18:00:00,0.7391042
2013-10-18 21:00:00,0.57648313
2013-10-19 00:00:00,0.5539232
2013-10-19 03:00:00,0.59661686
2013-10-19 06:00:00,0.7486768
2013-10-19 09:00:00,0.6427561
2013-10-19 12:00:00,0.9844082
2013-10-19 15:00:00,0.6274854
2013-10-19 18:00:00,0.5104394
2013-10-19 21:00:00,0.5354991
2013-10-20 00:00:00,0.6288001
2013-10-20 03:00:00,0.6320365
2013-10-20 06:00:00,0.6088356
2013-10-20 09:00:00,0.6984495
2013-10-20 12:00:00,0.7734678
2013-10-20 15:00:00,0.91438365
2013-10-20 18:00:00,0.9638762
2013-10-20 21:00:00,0.8495623
2013-10-21 00:00:00,0.85868514
2013-10-21 03:00:00,0.6215398
2013-10-21 06:00:00,0.5005141
2013-10-21 09:00:00,0.17527595
2013-10-21 12:00:00,0.91649294
2013-10-21 15:00:00,0.5679383
2013-10-21 18:00:00,0.40030414
2013-10-21 21:00:00,0.5783719
2013-10-22 00:00:00,0.90959835
2013-10-22 03:00:00,1.1553774
2013-10-22 06:00:00,1.8137673
2013-10-22 09:00:00,0.99184585
2013-10-22 12:00:00,1.3944162
2013-10-22 15:00:00,1.5472342
2013-10-22 18:00:00,1.9675109
2013-10-22 21:00:00,1.606048
2013-10-23 00:00:00,1.6358829
2013-10-23 03:00:00,1.9614986
2013-10-23 06:00:00,1.6580342
2013-10-23 09:00:00,0.90724486
2013-10-23 12:00:00,1.0361315
2013-10-23 15:00:00,0.7262803
2013-10-23 18:00:00,1.0383651
2013-10-23 21:00:00,0.8554499
2013-10-24 00:00:00,1.0348016
2013-10-24 03:00:00,1.0114579
2013-10-24 06:00:00,1.0060828
2013-10-24 09:00:00,1.0973953
2013-10-24 12:00:00,1.0719615
2013-10-24 15:00:00,0.8357743
2013-10-24 18:00:00,0.8564285
2013-10-24 21:00:00,0.551187
2013-10-25 00:00:00,1.1501584
2013-10-25 03:00:00,0.9634694
2013-10-25 06:00:00,0.56484014
2013-10-25 09:00:00,0.38668826
2013-10-25 12:00:00,0.419921
2013-10-25 15:00:00,0.39237136
2013-10-25 18:00:00,0.6541503
2013-10-25 21:00:00,0.6661337
2013-10-26 00:00:00,0.4877294
2013-10-26 03:00:00,0.3836807
2013-10-26 06:00:00,0.7554949
2013-10-26 09:00:00,0.54454994
2013-10-26 12:00:00,0.5120461
2013-10-26 15:00:00,0.6573491
2013-10-26 18:00:00,0.4244371
2013-10-26 21:00:00,0.86854815
2013-10-27 00:00:00,0.8377015
2013-10-27 03:00:00,0.8136318
2013-10-27 06:00:00,0.74751157
2013-10-27 09:00:00,0.8014894
2013-10-27 12:00:00,0.4223484
2013-10-27 15:00:00,0.56217855
2013-10-27 18:00:00,0.48376527
2013-10-27 21:00:00,0.6837233
2013-10-28 00:00:00,0.7177062
2013-10-28 03:00:00,1.1710402
2013-10-28 06:00:00,0.5866675
2013-10-28 09:00:00,0.3143969
2013-10-28 12:00:00,0.41296506
2013-10-28 15:00:00,0.5608712
2013-10-28 18:00:00,0.48496303
2013-10-28 21:00:00,0.66069573
2013-10-29 00:00:00,0.50525683
2013-10-29 03:00:00,0.5371224
2013-10-29 06:00:00,1.2648356
2013-10-29 09:00:00,2.5303552
2013-10-29 12:00:00,1.5603565
2013-10-29 15:00:00,2.086943
2013-10-29 18:00:00,1.4750742
2013-10-29 21:00:00,1.4087377
2013-10-30 00:00:00,1.6560311
2013-10-30 03:00:00,2.19758
2013-10-30 06:00:00,2.9920363
2013-10-30 09:00:00,2.6683645
2013-10-30 12:00:00,2.999759
2013-10-30 15:00:00,2.5749826
2013-10-30 18:00:00,3.0645204
2013-10-30 21:00:00,2.0466216
2013-10-31 00:00:00,1.2940897
2013-10-31 03:00:00,1.460969
2013-10-31 06:00:00,1.3090299
2013-10-31 09:00:00,1.7932034
2013-10-31 12:00:00,1.7668887
2013-10-31 15:00:00,2.3382256
2013-10-31 18:00:00,2.8564854
2013-10-31 21:00:00,2.5177715
2013-11-01 00:00:00,2.3293972
2013-11-01 03:00:00,1.6517115
2013-11-01 06:00:00,2.0112567
2013-11-01 09:00:00,1.7942966
2013-11-01 12:00:00,1.4505491
2013-11-01 15:00:00,1.4343436
2013-11-01 18:00:00,0.92215616
2013-11-01 21:00:00,1.1550097
2013-11-02 00:00:00,0.9007296
2013-11-02 03:00:00,0.8851363
2013-11-02 06:00:00,0.5207234
2013-11-02 09:00:00,0.59139895
2013-11-02 12:00:00,0.82042515
2013-11-02 15:00:00,0.73191094
2013-11-02 18:00:00,1.2288293
2013-11-02 21:00:00,2.1794448
2013-11-03 00:00:00,1.5664759
2013-11-03 03:00:00,2.3135192
2013-11-03 06:00:00,1.8794167
2013-11-03 09:00:00,1.4170263
2013-11-03 12:00:00,1.1991554
2013-11-03 15:00:00,1.1626569
2013-11-03 18:00:00,1.8637862
2013-11-03 21:00:00,1.205166
2013-11-04 00:00:00,1.315433
2013-11-04 03:00:00,2.1267385
2013-11-04 06:00:00,1.4540344
2013-11-04 09:00:00,2.2609465
2013-11-04 12:00:00,2.2484233
2013-11-04 15:00:00,2.0764365
2013-11-04 18:00:00,1.8312997
2013-11-04 21:00:00,1.9992654
2013-11-05 00:00:00,1.9853336
2013-11-05 03:00:00,2.0562198
2013-11-05 06:00:00,1.9074234
2013-11-05 09:00:00,1.2521498
2013-11-05 12:00:00,0.89559436
2013-11-05 15:00:00,0.87051433
2013-11-05 18:00:00,0.72320855
2013-11-05 21:00:00,0.79231
2013-11-06 00:00:00,0.7705742
2013-11-06 03:00:00,0.8834183
2013-11-06 06:00:00,0.9620848
2013-11-06 09:00:00,1.1174862
2013-11-06 12:00:00,1.0931162
2013-11-06 15:00:00,1.5496694
2013-11-06 18:00:00,1.5682527
2013-11-06 21:00:00,1.3494173
2013-11-07 00:00:00,2.1926928
2013-11-07 03:00:00,3.0782962
2013-11-07 06:00:00,3.223884
2013-11-07 09:00:00,2.9320636
2013-11-07 12:00:00,1.6969973
2013-11-07 15:00:00,1.3794099
2013-11-07 18:00:00,1.7598778
2013-11-07 21:00:00,2.0862503
2013-11-08 00:00:00,1.4209712
2013-11-08 03:00:00,1.4921955
2013-11-08 06:00:00,0.93424255
2013-11-08 09:00:00,0.7144517
2013-11-08 12:00:00,0.75686467
2013-11-08 15:00:00,0.87104267
2013-11-08 18:00:00,1.2038149
2013-11-08 21:00:00,1.927074
2013-11-09 00:00:00,3.3216586
2013-11-09 03:00:00,4.7968736
2013-11-09 06:00:00,4.0063744
2013-11-09 09:00:00,4.0733433
2013-11-09 12:00:00,2.9904385
2013-11-09 15:00:00,2.494099
2013-11-09 18:00:00,2.3234107
2013-11-09 21:00:00,1.9967046
2013-11-10 00:00:00,2.8849711
2013-11-10 03:00:00,1.9368299
2013-11-10 06:00:00,3.0436475
2013-11-10 09:00:00,2.591778
2013-11-10 12:00:00,2.9389756
2013-11-10 15:00:00,3.5572166
2013-11-10 18:00:00,3.6620212
2013-11-10 21:00:00,3.7476091
2013-11-11 00:00:00,3.2909877
2013-11-11 03:00:00,4.1893682
2013-11-11 06:00:00,3.7431905
2013-11-11 09:00:00,3.4466577
2013-11-11 12:00:00,3.4744499
2013-11-11 15:00:00,2.9513187
2013-11-11 18:00:00,1.7347156
2013-11-11 21:00:00,1.5120682
2013-11-12 00:00:00,2.1527228
2013-11-12 03:00:00,1.092017
2013-11-12 06:00:00,1.2229164
2013-11-12 09:00:00,1.4575683
2013-11-12 12:00:00,1.0303252
2013-11-12 15:00:00,1.00571
2013-11-12 18:00:00,0.62217176
2013-11-12 21:00:00,0.55956644
2013-11-13 00:00:00,0.71518797
2013-11-13 03:00:00,0.99715114
2013-11-13 06:00:00,0.94492096
2013-11-13 09:00:00,1.4313445
2013-11-13 12:00:00,1.1955712
2013-11-13 15:00:00,0.98555386
2013-11-13 18:00:00,0.64348644
2013-11-13 21:00:00,0.47829884
2013-11-14 00:00:00,0.4956685
2013-11-14 03:00:00,0.6822637
2013-11-14 06:00:00,1.0138886
2013-11-14 09:00:00,0.7948243
2013-11-14 12:00:00,0.73183256
2013-11-14 15:00:00,0.9805355
2013-11-14 18:00:00,1.2564901
2013-11-14 21:00:00,1.3041679
2013-11-15 00:00:00,1.6626954
2013-11-15 03:00:00,1.8928739
2013-11-15 06:00:00,1.7001417
2013-11-15 09:00:00,1.6965822
2013-11-15 12:00:00,1.8898143
2013-11-15 15:00:00,2.26127
2013-11-15 18:00:00,2.7082164
2013-11-15 21:00:00,2.8706264
2013-11-16 00:00:00,1.8445256
2013-11-16 03:00:00,1.7489079
2013-11-16 06:00:00,2.829637
2013-11-16 09:00:00,2.7379887
2013-11-16 12:00:00,2.9357307
2013-11-16 15:00:00,2.890458
2013-11-16 18:00:00,2.2381103
2013-11-16 21:00:00,1.9414756
2013-11-17 00:00:00,2.2713346
2013-11-17 03:00:00,1.8238801
2013-11-17 06:00:00,1.2909467
2013-11-17 09:00:00,1.4260302
2013-11-17 12:00:00,0.9394427
2013-11-17 15:00:00,0.85444784
2013-11-17 18:00:00,1.4319761
2013-11-17 21:00:00,1.2015687
2013-11-18 00:00:00,0.5938
2013-11-18 03:00:00,1.1902292
2013-11-18 06:00:00,0.8864551
2013-11-18 09:00:00,0.82695514
2013-11-18 12:00:00,0.92043245
2013-11-18 15:00:00,0.45339635
2013-11-18 18:00:00,0.5023436
2013-11-18 21:00:00,0.49229255
2013-11-19 00:00:00,0.6092091
2013-11-19 03:00:00,0.5806943
2013-11-19 06:00:00,0.5320943
2013-11-19 09:00:00,0.9974252
2013-11-19 12:00:00,1.0841016
2013-11-19 15:00:00,1.9289175
2013-11-19 18:00:00,1.4817873
2013-11-19 21:00:00,1.8036388
2013-11-20 00:00:00,1.7733364
2013-11-20 03:00:00,1.7901005
2013-11-20 06:00:00,1.9175624
2013-11-20 09:00:00,1.62022
2013-11-20 12:00:00,0.88151824
2013-11-20 15:00:00,0.6342451
2013-11-20 18:00:00,0.5045448
2013-11-20 21:00:00,0.5400495
2013-11-21 00:00:00,0.54504037
2013-11-21 03:00:00,0.44096702
2013-11-21 06:00:00,0.42306182
2013-11-21 09:00:00,0.45554316
2013-11-21 12:00:00,0.47839049
2013-11-21 15:00:00,0.52735376
2013-11-21 18:00:00,0.89963853
2013-11-21 21:00:00,1.1117357
2013-11-22 00:00:00,0.51653993
2013-11-22 03:00:00,0.63243634
2013-11-22 06:00:00,0.67529774
2013-11-22 09:00:00,0.4173853
2013-11-22 12:00:00,0.52143824
2013-11-22 15:00:00,0.75627136
2013-11-22 18:00:00,0.898598
2013-11-22 21:00:00,0.6209455
2013-11-23 00:00:00,1.9043772
2013-11-23 03:00:00,2.3772848
2013-11-23 06:00:00,3.5678036
2013-11-23 09:00:00,2.6480064
2013-11-23 12:00:00,2.0633798
2013-11-23 15:00:00,1.924828
2013-11-23 18:00:00,0.9929826
2013-11-23 21:00:00,1.0749706
2013-11-24 00:00:00,1.4397701
2013-11-24 03:00:00,0.83394516
2013-11-24 06:00:00,0.9600391
2013-11-24 09:00:00,0.6925801
2013-11-24 12:00:00,0.52859956
2013-11-24 15:00:00,0.61971307
2013-11-24 18:00:00,1.1258793
2013-11-24 21:00:00,0.87694496
2013-11-25 00:00:00,0.56238896
2013-11-25 03:00:00,0.4573454
2013-11-25 06:00:00,0.59700674
2013-11-25 09:00:00,0.52361465
2013-11-25 12:00:00,0.5103594
2013-11-25 15:00:00,0.37946856
2013-11-25 18:00:00,0.46752176
2013-11-25 21:00:00,0.40737146
2013-11-26 00:00:00,0.23876397
2013-11-26 03:00:00,0.22803889
2013-11-26 06:00:00,0.2475067
2013-11-26 09:00:00,0.24010652
2013-11-26 12:00:00,0.30683038
2013-11-26 15:00:00,0.7938381
2013-11-26 18:00:00,0.84278584
2013-11-26 21:00:00,0.62284136
2013-11-27 00:00:00,0.6228668
2013-11-27 03:00:00,0.67021215
2013-11-27 06:00:00,0.66694695
2013-11-27 09:00:00,0.6987264
2013-11-27 12:00:00,0.9837421
2013-11-27 15:00:00,0.8961531
2013-11-27 18:00:00,0.7377703
2013-11-27 21:00:00,0.60110325
2013-11-28 00:00:00,0.6996572
2013-11-28 03:00:00,0.77898604
2013-11-28 06:00:00,0.52611476
2013-11-28 09:00:00,0.8308029
2013-11-28 12:00:00,0.8504383
2013-11-28 15:00:00,1.0468903
2013-11-28 18:00:00,1.3022443
2013-11-28 21:00:00,0.7882953
2013-11-29 00:00:00,0.97718436
2013-11-29 03:00:00,1.5278822
2013-11-29 06:00:00,2.4619439
2013-11-29 09:00:00,1.7438965
2013-11-29 12:00:00,2.5740085
2013-11-29 15:00:00,3.010783
2013-11-29 18:00:00,2.144861
2013-11-29 21:00:00,1.5876784
2013-11-30 00:00:00,1.2108119
2013-11-30 03:00:00,2.0932467
2013-11-30 06:00:00,2.0701349
2013-11-30 09:00:00,1.9377303
2013-11-30 12:00:00,2.2812681
2013-11-30 15:00:00,2.1602526
2013-11-30 18:00:00,3.1121924
2013-11-30 21:00:00,3.9251442
2013-12-01 00:00:00,2.9808547
2013-12-01 03:00:00,3.236816
2013-12-01 06:00:00,2.661827
2013-12-01 09:00:00,2.3332884
2013-12-01 12:00:00,2.2788868
2013-12-01 15:00:00,1.4665525
2013-12-01 18:00:00,1.4322082
2013-12-01 21:00:00,1.4758749
2013-12-02 00:00:00,1.50153
2013-12-02 03:00:00,1.5423326
2013-12-02 06:00:00,1.5840027
2013-12-02 09:00:00,1.7083364
2013-12-02 12:00:00,1.6046698
2013-12-02 15:00:00,1.5917692
2013-12-02 18:00:00,1.5817181
2013-12-02 21:00:00,1.4949058
2013-12-03 00:00:00,2.1972172
2013-12-03 03:00:00,1.6867659
2013-12-03 06:00:00,2.563326
2013-12-03 09:00:00,2.8269815
2013-12-03 12:00:00,2.5998864
2013-12-03 15:00:00,2.2706003
2013-12-03 18:00:00,1.7038716
2013-12-03 21:00:00,1.9721078
2013-12-04 00:00:00,2.046967
2013-12-04 03:00:00,1.9830756
2013-12-04 06:00:00,1.8437558
2013-12-04 09:00:00,1.1886681
2013-12-04 12:00:00,1.2062571
2013-12-04 15:00:00,2.1427445
2013-12-04 18:00:00,1.931899
2013-12-04 21:00:00,1.1556529
2013-12-05 00:00:00,1.1596781
2013-12-05 03:00:00,1.3091761
2013-12-05 06:00:00,1.4458942
2013-12-05 09:00:00,1.5205601
2013-12-05 12:00:00,1.0175431
2013-12-05 15:00:00,1.017689
2013-12-05 18:00:00,0.83596545
2013-12-05 21:00:00,0.7299464
2013-12-06 00:00:00,0.571486
2013-12-06 03:00:00,0.53310657
2013-12-06 06:00:00,0.7162861
2013-12-06 09:00:00,0.5709977
2013-12-06 12:00:00,0.70459145
2013-12-06 15:00:00,0.88291746
2013-12-06 18:00:00,1.1040429
2013-12-06 21:00:00,1.2262119
2013-12-07 00:00:00,1.2392515
2013-12-07 03:00:00,1.4622781
2013-12-07 06:00:00,0.93865365
2013-12-07 09:00:00,1.1158503
2013-12-07 12:00:00,0.6252589
2013-12-07 15:00:00,1.3824545
2013-12-07 18:00:00,1.9995652
2013-12-07 21:00:00,3.6800964
2013-12-08 00:00:00,5.329618
2013-12-08 03:00:00,3.9756858
2013-12-08 06:00:00,4.165476
2013-12-08 09:00:00,3.1248114
2013-12-08 12:00:00,2.2824838
2013-12-08 15:00:00,2.9371293
2013-12-08 18:00:00,2.8825629
2013-12-08 21:00:00,1.676837
2013-12-09 00:00:00,1.3502169
2013-12-09 03:00:00,1.3418018
2013-12-09 06:00:00,0.87634265
2013-12-09 09:00:00,1.7026066
2013-12-09 12:00:00,1.9332837
2013-12-09 15:00:00,1.7545844
2013-12-09 18:00:00,1.3231332
2013-12-09 21:00:00,1.0324184
2013-12-10 00:00:00,1.4624147
2013-12-10 03:00:00,2.3070662
2013-12-10 06:00:00,1.9752496
2013-12-10 09:00:00,1.1098994
2013-12-10 12:00:00,0.72315013
2013-12-10 15:00:00,0.5331643
2013-12-10 18:00:00,0.5669109
2013-12-10 21:00:00,0.9044856
2013-12-11 00:00:00,0.9006352
2013-12-11 03:00:00,0.8849979
2013-12-11 06:00:00,0.6607857
2013-12-11 09:00:00,0.7025305
2013-12-11 12:00:00,0.7700697
2013-12-11 15:00:00,0.5066384
2013-12-11 18:00:00,0.681899
2013-12-11 21:00:00,0.68456376
2013-12-12 00:00:00,0.63210124
2013-12-12 03:00:00,0.6816604
2013-12-12 06:00:00,0.8757382
2013-12-12 09:00:00,0.72272223
2013-12-12 12:00:00,0.61017793
2013-12-12 15:00:00,0.5231977
2013-12-12 18:00:00,0.44654635
2013-12-12 21:00:00,0.3185661
2013-12-13 00:00:00,0.4906227
2013-12-13 03:00:00,0.4719052
2013-12-13 06:00:00,0.24243243
2013-12-13 09:00:00,0.28675708
2013-12-13 12:00:00,1.4098581
2013-12-13 15:00:00,1.3703786
2013-12-13 18:00:00,1.5315138
2013-12-13 21:00:00,2.1834867
2013-12-14 00:00:00,3.0842526
2013-12-14 03:00:00,3.0785189
2013-12-14 06:00:00,2.3933506
2013-12-14 09:00:00,2.4809873
2013-12-14 12:00:00,3.0675068
2013-12-14 15:00:00,3.7626681
2013-12-14 18:00:00,3.0126815
2013-12-14 21:00:00,2.707273
2013-12-15 00:00:00,2.2092578
2013-12-15 03:00:00,2.0706046
2013-12-15 06:00:00,1.9258784
2013-12-15 09:00:00,1.8065795
2013-12-15 12:00:00,1.8866969
2013-12-15 15:00:00,2.4081483
2013-12-15 18:00:00,1.5245401
2013-12-15 21:00:00,1.6943653
2013-12-16 00:00:00,2.3590233
2013-12-16 03:00:00,2.5662405
2013-12-16 06:00:00,1.2722038
2013-12-16 09:00:00,1.1953263
2013-12-16 12:00:00,1.1184638
2013-12-16 15:00:00,1.6941862
2013-12-16 18:00:00,1.00634
2013-12-16 21:00:00,0.75289965
2013-12-17 00:00:00,1.0843437
2013-12-17 03:00:00,0.5607979
2013-12-17 06:00:00,0.9269639
2013-12-17 09:00:00,0.5387542
2013-12-17 12:00:00,0.87739974
2013-12-17 15:00:00,1.6843343
2013-12-17 18:00:00,1.0441422
2013-12-17 21:00:00,0.4806095
2013-12-18 00:00:00,1.1756432
2013-12-18 03:00:00,1.0302612
2013-12-18 06:00:00,1.19425
2013-12-18 09:00:00,0.5763104
2013-12-18 12:00:00,1.2455748
2013-12-18 15:00:00,1.2020048
2013-12-18 18:00:00,1.6336566
2013-12-18 21:00:00,2.0947127
2013-12-19 00:00:00,1.9320186
2013-12-19 03:00:00,1.0943899
2013-12-19 06:00:00,0.90453327
2013-12-19 09:00:00,1.188396
2013-12-19 12:00:00,2.246365
2013-12-19 15:00:00,2.0751996
2013-12-19 18:00:00,1.4066561
2013-12-19 21:00:00,2.0227582
2013-12-20 00:00:00,1.7735486
2013-12-20 03:00:00,1.1693181
2013-12-20 06:00:00,0.94950336
2013-12-20 09:00:00,1.1574203
2013-12-20 12:00:00,1.4795231
2013-12-20 15:00:00,1.5783081
2013-12-20 18:00:00,1.4596918
2013-12-20 21:00:00,1.6096386
2013-12-21 00:00:00,1.186452
2013-12-21 03:00:00,1.1740152
2013-12-21 06:00:00,0.85497653
2013-12-21 09:00:00,1.0093379
2013-12-21 12:00:00,1.0691453
2013-12-21 15:00:00,0.83027947
2013-12-21 18:00:00,0.8047779
2013-12-21 21:00:00,0.6252047
2013-12-22 00:00:00,0.63721615
2013-12-22 03:00:00,0.6338246
2013-12-22 06:00:00,0.65255666
2013-12-22 09:00:00,0.74048996
2013-12-22 12:00:00,0.7934412
2013-12-22 15:00:00,0.65447026
2013-12-22 18:00:00,0.5893475
2013-12-22 21:00:00,0.79814434
2013-12-23 00:00:00,0.59484273
2013-12-23 03:00:00,0.74141306
2013-12-23 06:00:00,0.46048018
2013-12-23 09:00:00,0.5362658
2013-12-23 12:00:00,0.56536263
2013-12-23 15:00:00,0.55721325
2013-12-23 18:00:00,0.68497854
2013-12-23 21:00:00,0.5176339
2013-12-24 00:00:00,0.45275187
2013-12-24 03:00:00,0.38600814
2013-12-24 06:00:00,0.3251259
2013-12-24 09:00:00,0.4079531
2013-12-24 12:00:00,0.57133865
2013-12-24 15:00:00,0.613992
2013-12-24 18:00:00,0.663961
2013-12-24 21:00:00,1.3945253
2013-12-25 00:00:00,1.5392437
2013-12-25 03:00:00,2.3071835
2013-12-25 06:00:00,3.2573624
2013-12-25 09:00:00,3.5373886
2013-12-25 12:00:00,2.8258986
2013-12-25 15:00:00,1.7793916
2013-12-25 18:00:00,0.76280254
2013-12-25 21:00:00,0.91625625
2013-12-26 00:00:00,0.88665617
2013-12-26 03:00:00,0.58818823
2013-12-26 06:00:00,0.82685876
2013-12-26 09:00:00,0.6797844
2013-12-26 12:00:00,0.49665126
2013-12-26 15:00:00,0.66080314
2013-12-26 18:00:00,0.5278051
2013-12-26 21:00:00,0.506945
2013-12-27 00:00:00,0.5983159
2013-12-27 03:00:00,0.7815525
2013-12-27 06:00:00,0.7475146
2013-12-27 09:00:00,1.0346913
2013-12-27 12:00:00,1.0214852
2013-12-27 15:00:00,1.187327
2013-12-27 18:00:00,1.2450076
2013-12-27 21:00:00,0.80085295
2013-12-28 00:00:00,0.5591994
2013-12-28 03:00:00,0.62852556
2013-12-28 06:00:00,0.42888924
2013-12-28 09:00:00,0.9894398
2013-12-28 12:00:00,1.2185374
2013-12-28 15:00:00,1.1135521
2013-12-28 18:00:00,1.5976447
2013-12-28 21:00:00,1.8986355
2013-12-29 00:00:00,1.7677014
2013-12-29 03:00:00,1.8944767
2013-12-29 06:00:00,1.7291596
2013-12-29 09:00:00,1.2178731
2013-12-29 12:00:00,1.4310226
2013-12-29 15:00:00,1.589124
2013-12-29 18:00:00,0.982752
2013-12-29 21:00:00,0.9297356
2013-12-30 00:00:00,1.3447689
2013-12-30 03:00:00,1.570404
2013-12-30 06:00:00,1.7736969
2013-12-30 09:00:00,1.3406438
2013-12-30 12:00:00,1.2984523
2013-12-30 15:00:00,1.4929987
2013-12-30 18:00:00,1.2285407
2013-12-30 21:00:00,1.6638185
2013-12-31 00:00:00,1.3753343
2013-12-31 03:00:00,1.1431992
2013-12-31 06:00:00,2.0454514
2013-12-31 09:00:00,1.3946204
2013-12-31 12:00:00,1.3380142
2013-12-31 15:00:00,1.1219364
2013-12-31 18:00:00,1.367495
2013-12-31 21:00:00,1.417152
